SysConst,AvgTime,Oxygen,Chamber,,,,,,,,,,,,,,,,,,,,,,,,,,,,,,,,,,,,,,,,,,,,,,,,,,,,,,,,,,,,,,,,,,,,,,,,,,,,,,,,,,,,,,,,,,,,,,,,,,,
,4,21,6800-12A 3x3,,,,,,,,,,,,,,,,,,,,,,,,,,,,,,,,,,,,,,,,,,,,,,,,,,,,,,,,,,,,,,,,,,,,,,,,,,,,,,,,,,,,,,,,,,,,,,,,,,,
Const,CustomBLC,,,,,,,,,,,,,,,,,,,,,,,,,,,,,,,,,,,,,,,,,,,,,,,,,,,,,,,,,,,,,,,,,,,,,,,,,,,,,,,,,,,,,,,,,,,,,,,,,,,,,
,2,,,,,,,,,,,,,,,,,,,,,,,,,,,,,,,,,,,,,,,,,,,,,,,,,,,,,,,,,,,,,,,,,,,,,,,,,,,,,,,,,,,,,,,,,,,,,,,,,,,,,
LTConst,deltaTw,fT1,fT2,fTeb,,,,,,,,,,,,,,,,,,,,,,,,,,,,,,,,,,,,,,,,,,,,,,,,,,,,,,,,,,,,,,,,,,,,,,,,,,,,,,,,,,,,,,,,,,,,,,,,,,
,0,1,0,0,,,,,,,,,,,,,,,,,,,,,,,,,,,,,,,,,,,,,,,,,,,,,,,,,,,,,,,,,,,,,,,,,,,,,,,,,,,,,,,,,,,,,,,,,,,,,,,,,,
LQConst,Leaf,Ambient,abs_ambient,abs_redLED,abs_greenLED,abs_blueLED,abs_whiteLED,abs_redFlr,abs_blueFlr,k_ambient,k_redLED,k_greenLED,k_blueLED,k_whiteLED,k_redFlr,k_blueFlr,,,,,,,,,,,,,,,,,,,,,,,,,,,,,,,,,,,,,,,,,,,,,,,,,,,,,,,,,,,,,,,,,,,,,,,,,,,,,,,,,,,,,,
,standard,Sun+Sky,0.49,0.84,0.7,0.87,0.75,0.84,0.87,0.39,0.18,0.23,0.26,0.21,0.19,0.25,,,,,,,,,,,,,,,,,,,,,,,,,,,,,,,,,,,,,,,,,,,,,,,,,,,,,,,,,,,,,,,,,,,,,,,,,,,,,,,,,,,,,,
QConst,fQ_Amb_in,fQ_Amb_out,fQ_HeadLS,fQ_ConsoleLS,fQ_Flr,,,,,,,,,,,,,,,,,,,,,,,,,,,,,,,,,,,,,,,,,,,,,,,,,,,,,,,,,,,,,,,,,,,,,,,,,,,,,,,,,,,,,,,,,,,,,,,,,
,0,0,1,0,0,,,,,,,,,,,,,,,,,,,,,,,,,,,,,,,,,,,,,,,,,,,,,,,,,,,,,,,,,,,,,,,,,,,,,,,,,,,,,,,,,,,,,,,,,,,,,,,,,
LeakConst,fan_a,fan_b,fan_c,fan_d,Fs_meas,Fs_true,leak_wt,,,,,,,,,,,,,,,,,,,,,,,,,,,,,,,,,,,,,,,,,,,,,,,,,,,,,,,,,,,,,,,,,,,,,,,,,,,,,,,,,,,,,,,,,,,,,,,
,-6276,6.6,0.00001709,3.11,3.04714 85.6971 390.705 621.545 862.326 1047.98 1239.47 1394.35,0.10265 99.9919 402.098 600.97 800.171 1000.64 1200.56 1401.22,0,,,,,,,,,,,,,,,,,,,,,,,,,,,,,,,,,,,,,,,,,,,,,,,,,,,,,,,,,,,,,,,,,,,,,,,,,,,,,,,,,,,,,,,,,,,,,,,
Sys,Sys,Sys,Sys,UserDefVar,GasEx,GasEx,GasEx,GasEx,GasEx,GasEx,GasEx,GasEx,GasEx,GasEx,GasEx,GasEx,GasEx,GasEx,GasEx,GasEx,GasEx,GasEx,GasEx,GasEx,GasEx,GasEx,GasEx,GasEx,GasEx,GasEx,Leak,Leak,Leak,Leak,Leak,LeafQ,LeafQ,LeafQ,LeafQ,Const,Const,Const,Meas,Meas,Meas,Meas,Meas,Meas,Meas,Meas,Meas,Meas,Meas,Meas,Meas,Meas,HeadLS,HeadLS,HeadLS,HeadLS,HeadLS,Match,Match,Match,Match,Match,Match,Match,Match,Match,Stability,Stability,Stability,Stability,Stability,Stability,Stability,Stability,Stability,Stability,Stability,Status,Status,Status,Status,Status,Status,Status,Status,Status,Status,Status,Status,Status,Status,Status,Status,Status,Status,Status,Status,
obs,time,elapsed,date,tree_number,TIME,E,A,Ca,Ci,Pci,Pca,gsw,gbw,gtw,gtc,Rabs,TleafEB,TleafCnd,SVPleaf,RHcham,VPcham,SVPcham,VPDleaf,LatHFlux,SenHFlux,NetTherm,EBSum,blfa_1,blfa_2,blfa_3,Leak,LeakPct,CorrFact,CorrFactPct,Fan,Qin,Qabs,alpha,convert,S,K,Geometry,TIME,CO2_s,CO2_r,H2O_s,H2O_r,Flow,Pa,ΔPcham,Tair,Tleaf,Tleaf2,Fan_speed,Qamb_in,Qamb_out,Q,f_red,f_blue,Tled,Pc,time,hhmmss,count,co2_adj,h2o_adj,co2_at,h2o_at,co2_cv,h2o_cv,ΔCO2:MN,ΔCO2:SLP,ΔCO2:SD,ΔCO2:OK,ΔH2O:MN,ΔH2O:SLP,ΔH2O:SD,ΔH2O:OK,Stable,Total,State,MatchValveR,MatchValveS,MatchCO2,MatchH2O,DIAG,Flow_s,Flow_r,Txchg,Tirga,Tchopper,Ts,Tr,CO2_%,Desiccant_%,Humidifier_%,Txchg_sp,CO2_r_sp,H2O_r_sp,SS_s,SS_r,Curve_Rep
,s,s,,,s,mol m⁻² s⁻¹,µmol m⁻² s⁻¹,µmol mol⁻¹,µmol mol⁻¹,Pa,Pa,mol m⁻² s⁻¹,mol m⁻² s⁻¹,mol m⁻² s⁻¹,mol m⁻² s⁻¹,W m⁻²,°C,°C,kPa,%,kPa,kPa,kPa,W m⁻²,W m⁻²,W m⁻²,W m⁻²,,,,µmol s⁻¹,%,,%,µmol s⁻¹,µmol m⁻² s⁻¹,µmol m⁻² s⁻¹,,J/µmol,cm²,,,s,µmol mol⁻¹,µmol mol⁻¹,mmol mol⁻¹,mmol mol⁻¹,µmol s⁻¹,kPa,kPa,°C,°C,°C,rpm,µmol m⁻² s⁻¹,µmol m⁻² s⁻¹,µmol m⁻² s⁻¹,,,°C,,secs,,,µmol/mol,mmol/mol,µmol/mol,mmol/mol,%,%,µmol mol⁻¹,µmol mol⁻¹ min⁻¹,µmol mol⁻¹,,mmol mol⁻¹,mmol mol⁻¹ min⁻¹,mmol mol⁻¹,,,,,%,%,µmol/mol,mmol/mol,,µmol s⁻¹,µmol s⁻¹,°C,°C,°C,°C,°C,%,%,%,°C,µmol mol⁻¹,mmol mol⁻¹,%,%,none
1,1625001226,0,20210629 14:13:46,3,1625001218,0.001226249,7.074119367,396.3781613,277.5189912,27.74743325,39.63143756,0.102845357,2.393890959,0.100452299,0.062993056,285.2679216,28.18915662,27.24922903,3.631886778,70.26359466,2.448467539,3.484688693,1.183419239,-54.07759465,-90.84494643,-8.181365419,132.1640151,0.019617556,-0.439937098,4.76430283,0,0,1,0,52875.0959,1799.979032,1517.382347,0.843000012,0.188000027,9,0.5,0: Broadleaf,1625001218,396.3781613,409.9857097,24.48861613,22.33554194,500.0283548,99.8839129,0.099994955,26.54532903,27.24922903,999.9,9995.88871,739.4891613,0,1799.979032,0.899999677,0.100000326,28,38866.07097,1625001115,14:11:54,36,0.612,0.215,410,22,0.12,0.04,-13.60253902,0.068529617,0.056496885,1,2.16080439,-0.046569199,0.029345704,1,2,2,2-Feb,100,100,0.612,0.215,3,507.087,469.968,24.709,28.1957,29.9995,28.4183,28.4071,20.5247,36.7158,49.7622,24.7172,410,22.2281,105.158,101.948,2
2,1625001401,175,20210629 14:16:41,3,1625001393,0.001111676,6.479468143,397.5167742,277.7302757,27.77079285,39.74847884,0.09325498,2.393060605,0.091282141,0.057225113,253.5759754,28.01760571,27.17920645,3.617004708,69.83741548,2.4361159,3.488267547,1.180888808,-49.02489232,-79.53214197,-7.163148491,117.8557926,0.019606878,-0.43969765,4.762182312,0,0,1,0,52844.58812,1600.009677,1348.808105,0.842999967,0.188000038,9,0.5,0: Broadleaf,1625001393,397.5167742,409.9746129,24.36311935,22.41095484,500.0257419,99.89195161,0.100001987,26.56274839,27.17920645,999.9,9989.644194,649.9395806,0,1600.009677,0.899999323,0.100000616,28,34548.23226,1625001293,14:14:52,37,0.598,0.215,410,22,0.13,0.05,-12.46152195,0.089289199,0.050153187,1,1.953506341,-0.04578669,0.005752605,1,2,2,2-Feb,100,100,0.598,0.215,3,506.566,470.861,26.0162,27.9071,29.9994,28.1005,28.0834,20.5577,35.3904,47.5164,26.0207,410,22.4463,105.207,101.998,2
3,1625001512,286,20210629 14:18:32,3,1625001504,0.000980185,6.222194219,398.056871,270.3249838,27.02947624,39.80123695,0.083401597,2.394274288,0.081820611,0.051277431,221.8766284,27.96620024,27.17258065,3.61559927,69.80244794,2.454122058,3.515810878,1.161477212,-43.22613936,-61.47960981,-5.537932684,111.6329466,0.019622486,-0.440047659,4.765281871,0,0,1,0,52861.30775,1399.994516,1180.195329,0.842999965,0.187999921,9,0.5,0: Broadleaf,1625001504,398.056871,409.9588387,24.54396452,22.82297742,500.0120323,99.88883548,0.099984829,26.69629032,27.17258065,999.9,9997.908065,564.3286774,0,1399.994516,0.900000968,0.099999026,28.03765161,30229.42581,1625001454,14:17:33,38,0.585,0.223,410,22,0.1,0.05,-11.90297805,0.088887805,0.040118954,1,1.723085366,0.07331122,0.028162905,1,2,2,2-Feb,100,100,0.585,0.223,3,505.976,471.854,26.65,27.6958,29.9995,27.8891,27.8724,20.5814,33.8356,46.766,26.6112,410,22.7656,105.241,102.03,2
4,1625001680,454,20210629 14:21:20,3,1625001672,0.000924712,5.904406602,398.6722258,270.911775,27.08798821,39.86252924,0.079040517,2.395433368,0.077619704,0.048637842,190.1815198,27.9218681,27.21451935,3.624503179,69.56766961,2.469607943,3.54993628,1.154895236,-40.7797817,-45.7210642,-4.120692583,99.55998129,0.019637397,-0.440382047,4.768242658,0,0,1,0,52870.85354,1200.004516,1011.6038,0.842999994,0.188000005,9,0.5,0: Broadleaf,1625001672,398.6722258,409.9630968,24.6989871,23.07570968,500.0284839,99.88824516,0.099982419,26.86048387,27.21451935,999.9,10005.56452,483.5849032,0,1200.004516,0.899999903,0.100000087,28.86156129,25911.11935,1625001568,14:19:27,39,0.542,0.234,410,23,0.23,0.05,-11.30566829,-0.007388153,0.051478816,1,1.629980976,-0.087028641,0.014852905,1,2,2,2-Feb,100,100,0.542,0.234,3,505.451,472.262,26.7588,27.473,29.9999,27.6393,27.6233,20.6181,32.6268,45.6406,26.7369,410,23.134,105.277,102.066,2
5,1625001771,544.5,20210629 14:22:50,3,1625001763,0.000921962,5.854978593,398.7985484,274.3789906,27.4337027,39.87375561,0.08055072,2.39527405,0.079075544,0.049552504,158.4839035,27.76271945,27.15254194,3.611351643,69.62477574,2.481121447,3.563561133,1.130230196,-40.65851629,-29.29884167,-2.640827698,85.88571783,0.019635347,-0.440336078,4.767835653,0,0,1,0,52853.99695,999.9985806,842.9988539,0.84300005,0.188000141,9,0.5,0: Broadleaf,1625001763,398.7985484,409.9985806,24.81500968,23.19676774,500.0333871,99.88470968,0.099996319,26.92565484,27.15254194,999.9,10004.87419,404.8996774,0,999.9985806,0.899998226,0.100001771,28,21592.49677,1625001730,14:22:10,40,0.507,0.242,410,23,0.16,0.06,-11.20460732,0.065086411,0.026260806,1,1.615935854,0.056355261,0.005625898,1,2,2,2-Feb,100,100,0.507,0.242,3,504.675,472.228,28.0196,27.3849,30.0007,27.533,27.51,20.6299,32.2436,45.6406,27.5686,410,23.2881,105.291,102.081,2
6,1625001877,651,20210629 14:24:37,3,1625001869,0.000833534,5.730167073,399.0573226,267.2971012,26.72530314,39.89915291,0.074027155,2.394129744,0.072778663,0.045597082,126.7879027,27.70695846,27.17234516,3.615549328,69.72667305,2.505490072,3.593302193,1.110059257,-36.7588577,-13.57632654,-1.225263669,75.22745476,0.019620627,-0.440005967,4.764912689,0,0,1,0,52791.05987,800.0043226,674.4036383,0.842999993,0.188000028,9,0.5,0: Broadleaf,1625001869,399.0573226,409.9694194,25.05903226,23.59639355,500.0428065,99.88348065,0.100032126,27.06716129,27.17234516,999.9,9997.496774,326.7286774,0,800.0043226,0.899999581,0.100000397,28.02957097,17274.11935,1625001826,14:23:45,41,0.511,0.25,410,23,0.23,0.07,-10.90404634,-0.009549826,0.031090781,1,1.463847317,-0.056115261,0.018549964,1,2,2,2-Feb,100,100,0.511,0.25,3,504.369,472.819,27.8404,27.2824,29.9998,27.4125,27.3877,20.6581,30.6422,45.6406,27.8511,410,23.6711,105.31,102.097,2
7,1625001969,743,20210629 14:26:09,3,1625001961,0.000852191,5.542946029,399.408129,276.7287516,27.66775648,39.93342501,0.077214066,2.395121678,0.075857377,0.047530768,95.09084023,27.58010546,27.14390968,3.609523196,69.72279543,2.520752357,3.615391984,1.088770839,-37.58164416,3.575951587,0.32271858,61.40786624,0.019633386,-0.440292114,4.767446402,0,0,1,0,52805.56442,600.0019677,505.8017267,0.843000113,0.188000229,9,0.5,0: Broadleaf,1625001961,399.408129,409.9974194,25.2121871,23.7170129,500.0322258,99.8815,0.100002887,27.17160323,27.14390968,999.9,10004.19677,247.7541935,0,600.0019677,0.899997258,0.100002777,28,12955.54839,1625001930,14:25:29,42,0.498,0.256,410,24,0.16,0.08,-10.5974561,0.083615331,0.035977378,1,1.495223659,-0.039788571,0.020394229,1,2,2,2-Feb,100,100,0.498,0.256,3,504.078,472.915,28.3068,27.1875,30,27.3084,27.283,20.6705,30.0219,45.4726,28.3358,410,23.8411,105.329,102.116,2
8,1625002094,868,20210629 14:28:14,3,1625002086,0.000763321,5.199322872,400.0805484,275.7355316,27.56744692,39.99919494,0.071213455,2.393743357,0.070057084,0.043888009,63.39388431,27.4711536,27.11109032,3.602578921,70.07825663,2.546750729,3.634152519,1.055828193,-33.6624583,19.19994792,1.734214207,50.66558813,0.019615657,-0.439894529,4.763925865,0,0,1,0,52744.24076,400.001,337.2008533,0.843000026,0.188000367,9,0.5,0: Broadleaf,1625002086,400.0805484,409.9884516,25.47314839,24.13424839,500.0292581,99.87785161,0.100003103,27.25986774,27.11109032,999.9,9995.528065,168.1752903,0,400.001,0.899994935,0.100004919,28,8637.022581,1625002049,14:27:29,43,0.508,0.262,410,24,0.16,0.06,-9.915546585,-0.078736725,0.040146091,1,1.334163659,0.089188432,0.009092304,1,2,2,2-Feb,100,100,0.508,0.262,3,503.806,473.673,29.1969,27.0443,29.9996,27.1587,27.1305,20.6998,28.6695,46.9786,29.2097,410,24.1216,105.354,102.142,2
9,1625002186,960,20210629 14:29:46,3,1625002178,0.000734055,4.149028703,401.9833548,298.3849968,29.83148385,40.18888379,0.068980456,2.39385631,0.067894922,0.042530434,31.69734971,27.40542054,27.13422258,3.607472281,69.8224387,2.559902796,3.666303904,1.047569485,-32.37182763,35.61864352,3.219853052,38.16401865,0.01961711,-0.439927105,4.764214339,1,0,1,0,52721.55872,200.0035161,168.6029707,0.843000033,0.187999948,9,0.5,0: Broadleaf,1625002178,401.9833548,409.982129,25.60504839,24.31768065,500.0386129,99.87645484,0.100032506,27.4102129,27.13422258,999.9,9996.408065,85.5944871,0,200.0035161,0.900000871,0.099999197,27.65725806,4318.583548,1625002148,14:29:07,44,0.515,0.271,410,24,0.16,0.1,-7.997749024,-0.097563345,0.025359002,1,1.281949756,0.09762878,0.010225706,1,2,2,2-Feb,100,100,0.515,0.271,3,503.647,473.523,29.9503,26.9805,29.9996,27.0784,27.0478,20.7176,28.0634,49.0909,29.953,410,24.296,105.366,102.153,2
10,1625002405,1178.4,20210629 14:33:24,3,1625002397,0.000583492,-1.399535211,412.0556129,445.3005432,44.51352925,41.19026994,0.055932393,2.39404002,0.055216445,0.03457384,0,27.35929304,27.14027419,3.608753386,69.96855682,2.585135786,3.694710743,1.023617601,-25.73200667,51.86181377,4.691074849,30.82088195,0.019619473,-0.439980089,4.764683529,1,0,1,0,52704.21978,0,0,0,0,9,0.5,0: Broadleaf,1625002397,412.0556129,409.9693548,25.86095484,24.83789355,500.0309355,99.86289677,0.099993297,27.54209355,27.14027419,999.9,9998.969355,-0.298581161,0,0,0,0,27,5.740590968,1625002236,14:30:36,45,0.465,0.275,410,24,0.33,0.08,2.078699512,0.08259554,0.025582714,1,1.024872927,-0.021500906,0.003432247,1,2,2,2-Feb,100,100,0.465,0.275,3,503.039,474.631,30.1706,26.8045,30,26.8777,26.8463,20.7599,27.4455,58.0811,30.1577,410,24.8275,105.394,102.176,2
11,1625002652,1425.4,20210629 14:37:31,3,1625002644,0.000314575,2.080435216,406.0244194,263.7107086,26.36234446,40.58900626,0.024694648,2.395211961,0.024554072,0.015358858,285.2700094,27.80037538,27.03887742,3.587340377,70.01971451,2.344611634,3.348502134,1.242728743,-13.87274946,-150.8641916,-13.51912506,107.0139433,0.019634548,-0.440318163,4.767677038,11,2,1,0,53038.1271,1799.993226,1517.394316,0.843000015,0.18799992,9,0.5,0: Broadleaf,1625002644,406.0244194,409.9989032,23.45387742,22.90095161,500.0257419,99.8669129,0.0999963,25.87057097,27.03887742,999.9,10006.25,732.6461613,0,1799.993226,0.900001194,0.099998865,28,38866.43548,1625002598,14:36:37,46,0.543,0.253,410,23,0.55,0.18,-3.965056829,-0.035813519,0.031071036,1,0.558965171,-0.092769659,0.011020906,1,2,2,2-Feb,100,100,0.543,0.253,3,491.664,470.039,23.8901,27.0147,30.0005,26.9643,26.9177,20.7531,35.6149,63.5698,23.9429,410,22.87,105.354,102.149,5
12,1625002802,1575.4,20210629 14:40:01,3,1625002794,0.000324439,1.930185816,406.3321613,280.7780445,28.06902935,40.62051711,0.026152923,2.393844189,0.025995221,0.016261103,253.5736674,27.63734227,26.94429032,3.56746551,70.11345547,2.356754186,3.361343654,1.210711324,-14.30774733,-130.2288481,-11.67487165,97.3622004,0.019616954,-0.439923609,4.764183381,9,2,1,0,52981.12665,1599.995161,1348.79595,0.843000018,0.188000021,9,0.5,0: Broadleaf,1625002794,406.3321613,410.0436452,23.57490968,23.00470968,500.0194516,99.86876452,0.09998269,25.93520968,26.94429032,999.9,9997.098387,643.9904839,0,1599.995161,0.899999774,0.100000239,28,34547.93871,1625002721,14:38:40,47,0.629,0.25,410,23,0.34,0.15,-3.709036341,-0.006554007,0.039082469,1,0.561218317,0.084215833,0.025384165,1,2,2,2-Feb,100,100,0.629,0.25,3,493.528,469.827,24.8604,27.0807,30.0003,27.0597,27.0174,20.7489,36.3242,62.4455,24.9425,410,22.9806,105.339,102.14,5
13,1625002917,1690.4,20210629 14:41:56,3,1625002909,0.000260526,1.924451731,406.3572581,254.4613056,25.43820223,40.62306481,0.021267385,2.395914894,0.021163063,0.013236244,221.8770144,27.6090325,26.99032581,3.577126557,70.15396329,2.383155629,3.397036343,1.193970928,-11.48919804,-113.226663,-10.15327813,87.00787531,0.019643593,-0.440521001,4.769472876,9,2,1,0,53018.46046,1399.996774,1180.197179,0.842999928,0.187999953,9,0.5,0: Broadleaf,1625002909,406.3572581,410.0116774,23.83898387,23.38123548,500.0210323,99.86886774,0.099974965,26.11374516,26.99032581,999.9,10010.66355,561.8340968,0,1399.996774,0.900000355,0.099999574,28,30229.48065,1625002876,14:41:15,48,0.573,0.259,410,23,0.31,0.07,-3.647381463,-0.092656098,0.027102631,1,0.451396854,0.073694488,0.023003877,1,2,2,2-Feb,100,100,0.573,0.259,3,493.973,469.657,25.3289,27.1004,29.9999,27.0994,27.0537,20.7563,35.5839,61.3285,25.407,410,23.3641,105.334,102.141,5
14,1625003080,1853.4,20210629 14:44:39,3,1625003072,0.00022971,1.900620541,406.410871,237.3265419,23.72502439,40.62802141,0.018754291,2.394841061,0.01867308,0.011677942,190.1798239,27.83497149,27.17635484,3.616399777,69.51452832,2.423780852,3.486725596,1.192618925,-10.13021026,-80.19188738,-7.216825819,92.64090046,0.019629776,-0.440211155,4.766729568,9,2,1,0,52904.58889,1199.993871,1011.59487,0.843000031,0.187999989,9,0.5,0: Broadleaf,1625003072,406.410871,409.9999032,24.24560323,23.84216452,500.0176452,99.86786452,0.099986529,26.55524516,27.17635484,999.9,10003.7229,482.6917742,0,1199.993871,0.90000029,0.099999755,28,25910.9129,1625002973,14:42:52,49,0.616,0.26,410,23,0.33,0.22,-3.584632439,0.011978258,0.031891477,1,0.40776539,-0.074819206,0.007936981,1,2,2,2-Feb,100,100,0.616,0.26,3,494.054,469.617,25.8272,27.0927,29.9999,27.1113,27.0764,20.7555,35.5374,60.2099,25.83,410,23.9234,105.334,102.144,5
15,1625003193,1966.4,20210629 14:46:32,3,1625003185,0.000228828,1.94008222,406.3553226,238.0474183,23.79823777,40.62442959,0.019217153,2.393695003,0.019131853,0.01196504,158.4838393,27.7077851,27.17700645,3.616538,70.06764897,2.457130079,3.50679681,1.159407921,-10.09130879,-67.66282812,-6.095183271,74.63451916,0.019615036,-0.439880584,4.763802376,9,2,1,0,52849.39706,999.9979677,842.9983991,0.843000112,0.188000166,9,0.5,0: Broadleaf,1625003185,406.3553226,410.0146774,24.57801613,24.17626774,500.0228065,99.87269355,0.0999839,26.6526871,27.17700645,999.9,9995.727419,403.8751935,0,999.9979677,0.899998129,0.100001935,29,21592.4871,1625003156,14:45:56,50,0.668,0.275,410,24,0.33,0.16,-3.663752195,0.083309477,0.029948673,1,0.395922683,0.074971484,0.012843429,1,2,2,2-Feb,100,100,0.668,0.275,3,494.307,468.639,25.4303,27.2099,30.0006,27.2043,27.1685,20.7521,35.5571,59.8369,25.4273,410,24.0991,105.308,102.123,5
16,1625003294,2067.4,20210629 14:48:13,3,1625003286,0.000251555,2.010798692,406.1816452,248.7160852,24.866349,40.60957512,0.021358789,2.395205113,0.021253539,0.013292875,126.7873081,27.51500693,27.12661613,3.605862585,69.93836777,2.458410986,3.515110609,1.1474516,-11.09356479,-56.0050599,-5.041593135,54.64709032,0.01963446,-0.440316187,4.767659543,9,2,1,0,52892.62658,800.0003226,674.4003137,0.843000052,0.188000073,9,0.5,0: Broadleaf,1625003286,406.1816452,409.9848065,24.58930968,24.14766774,500.0256129,99.87887742,0.099975903,26.69290645,27.12661613,999.9,10005.00645,325.388871,0,800.0003226,0.899999194,0.100000839,29,17274.02903,1625003245,14:47:25,51,0.689,0.277,410,24,0.53,0.19,-3.806586585,-0.026946063,0.038648372,1,0.446785049,-0.084144648,0.00934685,1,2,2,2-Feb,100,100,0.689,0.277,3,494.525,468.163,26.0252,27.2978,30.0001,27.2821,27.2407,20.7547,35.5461,59.0933,26.0483,410,24.0977,105.296,102.113,5
17,1625003397,2170.4,20210629 14:49:56,3,1625003389,0.000245536,2.058953308,406.1051613,242.6066576,24.25498211,40.60100214,0.021015693,2.394122946,0.020913743,0.013080208,95.09028994,27.36559694,27.10938387,3.602218171,69.79563952,2.464061954,3.530395267,1.138156217,-10.8281392,-44.23962119,-3.985389836,36.03713971,0.019620539,-0.440004007,4.764895327,8,2,1,0,52843.61018,599.9990323,505.7992089,0.843000041,0.188000076,9,0.5,0: Broadleaf,1625003389,406.1051613,409.9905484,24.64639355,24.21534516,500.0274194,99.87657419,0.09999841,26.76663226,27.10938387,999.9,9998.143548,246.7760968,0,599.9990323,0.899999097,0.100000919,28.04570645,12955.49677,1625003350,14:49:09,52,0.68,0.277,410,24,0.27,0.2,-3.881338293,-0.058559373,0.023974781,1,0.434305878,-0.050811345,0.005944291,1,2,2,2-Feb,100,100,0.68,0.277,3,494.642,468.321,26.5395,27.3199,30.0002,27.3167,27.2777,20.7557,35.8195,58.3418,26.5783,410,24.2015,105.293,102.114,5
18,1625003488,2261.4,20210629 14:51:27,3,1625003480,0.000286497,2.06950158,406.0664516,265.9195015,26.5858526,40.59733403,0.024847644,2.394105678,0.02470526,0.015453512,63.39355599,27.16022485,27.07644839,3.595261659,69.85847005,2.471041646,3.537211227,1.124220013,-12.63452049,-35.75642123,-3.221189058,11.78142521,0.019620317,-0.439999026,4.764851223,8,2,1,0,52837.26842,400.0004516,337.2003305,0.842999874,0.187999685,9,0.5,0: Broadleaf,1625003480,406.0664516,410.0008065,24.71608387,24.21315484,500.0196129,99.8770871,0.099982845,26.79941935,27.07644839,999.9,9997.979032,167.0949032,0,400.0004516,0.900003903,0.099996087,28,8637.032903,1625003453,14:50:52,53,0.663,0.278,410,24,0.32,0.2,-3.931361707,-0.09634892,0.027561699,1,0.507514073,-0.083385575,0.00849699,1,2,2,2-Feb,100,100,0.663,0.278,3,494.798,467.721,28.2774,27.3004,29.9997,27.3199,27.2776,20.7504,36.1171,57.5948,28.2964,410,24.1918,105.297,102.117,5
19,1625003589,2362.4,20210629 14:53:08,3,1625003581,0.00022529,1.80816694,406.5727742,255.3889564,25.531357,40.6452761,0.02000442,2.393845347,0.019912012,0.012453274,31.6969316,27.01988682,27.03404516,3.586322674,70.11149438,2.489602637,3.550919374,1.096720037,-9.935277628,-21.79148098,-1.963572063,-1.99339907,0.019616969,-0.439923943,4.764186339,8,2,1,0,52816.88939,200.0010645,168.600878,0.842999903,0.187999801,9,0.5,0: Broadleaf,1625003581,406.5727742,409.9920968,24.90337742,24.50798387,500.0368387,99.87046774,0.100013994,26.86519355,27.03404516,999.9,9996.935484,85.18740645,0,200.0010645,0.900002387,0.099997584,27,4318.533548,1625003556,14:52:35,54,0.643,0.283,410,24,0.36,0.13,-3.408389268,-0.003410592,0.05561107,1,0.397377488,0.025392167,0.012500669,1,2,2,2-Feb,100,100,0.643,0.283,3,494.9,468.451,27.8635,27.1793,29.9997,27.2369,27.2005,20.7662,34.6735,56.8475,27.9032,410,24.4441,105.322,102.142,5
20,1625003853,2626.4,20210629 14:57:32,3,1625003845,0.000280787,-2.157956132,413.6786129,541.9201393,54.1691216,41.35038627,0.025377058,2.394365239,0.025228578,0.015781129,0,26.86730118,27.06387419,3.592608878,70.42710653,2.514088493,3.569773936,1.078520386,-12.3827239,-14.01530181,-1.263364524,-27.66139024,0.019623656,-0.440073893,4.765514174,8,2,1,0,52818.01158,0,0,0,0,9,0.5,0: Broadleaf,1625003845,413.6786129,410.0034839,25.15150968,24.65881935,500.0151935,99.8578,0.099957013,26.9553,27.06387419,999.9,10001.61161,-0.308675194,0,0,0,0,26,6.831989677,1625003640,14:53:59,55,0.627,0.283,410,24,0.38,0.14,3.674189268,-0.05677547,0.024744684,1,0.483976829,0.056998453,0.02079789,1,2,2,2-Feb,100,100,0.627,0.283,3,494.86,469.213,28.643,26.9034,29.9997,26.9909,26.9628,20.7795,34.2583,55.3547,28.684,410,24.6643,105.372,102.182,5
21,1625004367,3140.5,20210629 15:06:06,4,1625004359,0.002153172,9.092246945,392.1347097,305.2441836,30.50755034,39.19180132,0.188003502,2.392991273,0.180166351,0.113280882,285.2717607,28.15851783,27.22719032,3.627197084,69.78248985,2.469184111,3.538400703,1.158012973,-94.9549015,-54.44969379,-4.911336678,130.9558288,0.019605987,-0.439677659,4.762005271,1,0,1,0,52798.5458,1800.003871,1517.403254,0.842999995,0.187999966,9,0.5,0: Broadleaf,1625004359,392.1347097,410.0194516,24.70549355,20.92576774,500.0308387,99.84472903,0.100010242,26.80513548,27.22719032,999.9,9993.914516,742.9072581,0,1800.003871,0.900000452,0.099999558,28,38866.63871,1625004331,15:05:30,57,0.726,0.219,410,21,0.07,0.02,-17.8918122,0.046747735,0.054749359,1,3.779807805,0.003053728,0.003060531,1,2,2,2-Feb,100,100,0.726,0.219,3,503.722,463.463,26.4921,26.8724,30.0001,26.9077,26.869,20.7162,42.9429,45.6661,26.4716,410,20.9768,105.363,102.19,1
22,1625004506,3279.5,20210629 15:08:25,4,1625004498,0.002044759,9.008382062,392.3546452,303.3869145,30.32038575,39.21179069,0.181070516,2.394186354,0.173792167,0.109249657,253.5730055,28.15212856,27.24263548,3.630483159,69.62481311,2.490647903,3.577241779,1.139835256,-90.17388775,-32.49618289,-2.932624164,127.9703107,0.019621355,-0.440022296,4.765057277,1,0,1,0,52805.41717,1599.990968,1348.792449,0.843000039,0.188000019,9,0.5,0: Broadleaf,1625004498,392.3546452,410.0128065,24.92151613,21.33288065,500.0287097,99.83967097,0.099991219,26.99087419,27.24263548,999.9,10002.25484,657.8184516,0,1599.990968,0.899999903,0.100000139,28,34547.88065,1625004426,15:07:06,58,0.761,0.221,410,21,0.06,0.03,-17.67078293,0.088381882,0.031019301,1,3.583525366,0.089647735,0.009754333,1,2,2,2-Feb,100,100,0.761,0.221,3,503.733,464.458,26.4508,26.8429,30.0002,26.8895,26.8531,20.7095,40.7513,41.877,26.3946,410,21.4093,105.363,102.189,1
23,1625004599,3372.5,20210629 15:09:58,4,1625004591,0.002020511,9.023477805,392.3590645,304.030728,30.38547166,39.21319175,0.182570985,2.394101793,0.17517391,0.110123318,221.8764021,28.08303754,27.25930323,3.634032262,69.74293185,2.516740858,3.6085963,1.117291404,-89.10454824,-15.45893653,-1.396296868,115.9166205,0.019620267,-0.439997906,4.764841302,1,0,1,0,52776.50994,1399.992258,1180.19346,0.84299999,0.188000027,9,0.5,0: Broadleaf,1625004591,392.3590645,410.0273548,25.1819871,21.63684194,500.0268387,99.84211613,0.099991235,27.13953226,27.25930323,999.9,10001.45548,571.7597419,0,1399.992258,0.899999581,0.100000394,28,30229.36452,1625004565,15:09:25,59,0.801,0.231,410,21,0.08,0.02,-17.65206098,-0.066449477,0.046259854,1,3.540897805,0.064663275,0.018539996,1,2,2,2-Feb,100,100,0.801,0.231,3,503.245,463.963,26.0155,26.879,30.0006,26.919,26.8851,20.7051,40.4169,39.5873,25.9162,410,21.6407,105.357,102.188,1
24,1625004727,3500.5,20210629 15:12:06,4,1625004719,0.002086407,9.356680897,391.6919677,305.263446,30.50933787,39.14737496,0.193843403,2.393905765,0.185526418,0.116671522,190.1805094,27.79543212,27.14943871,3.610694238,70.0384094,2.521212672,3.599757181,1.089481566,-92.01053778,-6.6724148,-0.602264951,90.89529189,0.019617746,-0.439941368,4.764340643,0,0,1,0,52777.4009,1199.997419,1011.597857,0.843000027,0.188000111,9,0.5,0: Broadleaf,1625004719,391.6919677,410.0034516,25.22618065,21.56569677,500.0424194,99.84425161,0.100036726,27.09773871,27.14943871,999.9,9999.956452,488.0559032,0,1199.997419,0.899998548,0.100001432,28.5215129,25910.97419,1625004656,15:10:55,60,0.806,0.234,410,22,0.11,0.03,-18.30180976,-0.081066899,0.031526905,1,3.664567561,-0.06288878,0.007953563,1,2,2,2-Feb,100,100,0.806,0.234,3,504.03,462.369,26.4127,27.0479,30.0005,27.0488,27.0104,20.6945,40.8033,36.5624,26.3741,410,21.6104,105.321,102.157,1
25,1625004846,3619.5,20210629 15:14:05,4,1625004838,0.002073181,9.449472046,391.5370645,305.2019875,30.50445303,39.1335066,0.195818239,2.394295082,0.187336228,0.1178166,158.4835678,27.63856888,27.11441935,3.603282782,70.04900169,2.531134129,3.613376449,1.072148653,-91.42729164,6.154260241,0.555486447,73.76602279,0.019622753,-0.440053657,4.765334981,0,0,1,0,52779.09211,999.9987742,842.998777,0.84299981,0.18799976,9,0.5,0: Broadleaf,1625004838,391.5370645,410.0062903,25.32440645,21.68736774,500.0252581,99.84842903,0.0999798,27.16209677,27.11441935,999.9,10002.09032,407.7693871,0,999.9987742,0.900002581,0.09999729,29,21592.53226,1625004780,15:12:59,61,0.868,0.231,410,22,0.09,0.02,-18.47323902,-0.006476655,0.040063796,1,3.638236341,-0.010414704,0.00314385,1,2,2,2-Feb,100,100,0.868,0.231,3,504.118,461.692,26.8091,27.203,30.0004,27.1864,27.144,20.6891,40.517,33.5519,26.8195,410,21.6645,105.287,102.131,1
26,1625005018,3791.5,20210629 15:16:57,4,1625005010,0.002136074,9.607000277,391.2012581,306.9057868,30.67436255,39.09945572,0.204456014,2.394959508,0.195230585,0.122813291,126.7868548,27.54346377,27.14659032,3.610090912,69.96019242,2.550241482,3.645275111,1.05984943,-94.20084147,21.35846027,1.929044418,55.873518,0.0196313,-0.440245326,4.767032136,0,0,1,0,52774.75369,799.9977742,674.3981267,0.843000004,0.18800001,9,0.5,0: Broadleaf,1625005010,391.2012581,409.997129,25.51589677,21.76924516,500.0231935,99.84719032,0.09997221,27.31200968,27.14659032,999.9,10006.57097,329.2379677,0,799.9977742,0.899999871,0.100000129,28.9637,17273.97419,1625004903,15:15:03,62,0.896,0.231,410,22,0.06,0.02,-18.77962927,-0.072324042,0.054513334,1,3.743247805,0.078463902,0.008247465,1,2,2,2-Feb,100,100,0.896,0.231,3,504.494,460.657,27.3073,27.3951,30.0003,27.3723,27.3291,20.6916,40.1775,29.4081,27.2994,410,21.7923,105.254,102.106,1
27,1625005140,3913.5,20210629 15:18:59,4,1625005132,0.002135486,9.330686986,391.6836129,309.9879182,30.9817188,39.14678877,0.205449048,2.393388569,0.196130165,0.123383389,95.09050664,27.43264533,27.16053871,3.613046205,69.7173209,2.558433356,3.669724142,1.054612849,-94.17491482,34.27099603,3.099287769,38.28587561,0.019611095,-0.439792217,4.763019811,0,0,1,0,52702.58161,600.0002581,505.8002142,0.842999994,0.188000131,9,0.5,0: Broadleaf,1625005132,391.6836129,409.9843871,25.59843226,21.85296452,500.0012258,99.84499677,0.099926823,27.42613871,27.16053871,999.9,9996.491613,250.5140323,0,600.0002581,0.899998129,0.1000018,28,12955.52581,1625005074,15:17:53,63,0.865,0.229,410,22,0.09,0.03,-18.31646585,-0.02354216,0.060496279,1,3.738636585,0.091528223,0.012953843,1,2,2,2-Feb,100,100,0.865,0.229,3,504.5,460.659,27.7629,27.4266,29.9994,27.4269,27.381,20.7005,39.7071,26.391,27.84,410,21.9249,105.254,102.113,1
28,1625005245,4018.5,20210629 15:20:44,4,1625005237,0.002086729,8.247051989,393.6615806,320.1938478,32.00167751,39.34438791,0.203731413,2.393517999,0.194564433,0.122392011,63.39349162,27.33797192,27.16342258,3.613657484,69.69495401,2.574923945,3.694562945,1.038733539,-92.02477052,48.7752064,4.413337979,24.55726548,0.019612759,-0.43982954,4.763350342,0,0,1,0,52686.65161,399.9988065,337.1990141,0.843000051,0.188000228,9,0.5,0: Broadleaf,1625005237,393.6615806,409.9842903,25.7634871,22.10428387,500.0190323,99.84477742,0.099920884,27.54140968,27.16342258,999.9,9997.361935,169.8420645,0,399.9988065,0.899997,0.100002955,27.84676774,8636.97871,1625005195,15:19:55,64,0.902,0.234,410,22,0.1,0.02,-16.32423171,0.0457777,0.027265492,1,3.65306122,0.086281463,0.012379511,1,2,2,2-Feb,100,100,0.902,0.234,3,504.539,461.301,28.5163,27.36,29.9987,27.3957,27.3551,20.7134,38.1558,24.5036,28.5882,410,22.2223,105.271,102.129,1
29,1625005379,4152.5,20210629 15:22:58,4,1625005371,0.001891353,5.521152795,398.6777097,344.3443561,34.41291583,39.84285563,0.19018458,2.393656075,0.182170826,0.114548631,31.69690281,27.19879231,27.08521935,3.597113084,70.04626063,2.591658364,3.699923937,1.00545472,-83.40866368,62.06900654,5.614383392,15.97162906,0.019614535,-0.439869358,4.76370296,0,0,1,0,52686.72372,200.000871,168.6007156,0.842999907,0.187999812,9,0.5,0: Broadleaf,1625005371,398.6777097,409.9724516,25.93279032,22.61681935,500.0268065,99.83749032,0.100014745,27.5662,27.08521935,999.9,9998.996774,86.74935806,0,200.000871,0.900002258,0.099997713,26.45699032,4318.526774,1625005303,15:21:43,65,0.794,0.241,410,22,0.2,0.02,-11.28492439,-0.064220906,0.035121064,1,3.327407805,-0.052930244,0.032781626,1,2,2,2-Feb,100,100,0.794,0.241,3,504.658,462.665,29.6503,27.2172,29.9997,27.2864,27.2499,20.7349,36.0319,22.2408,29.7162,410,22.5638,105.305,102.158,1
30,1625005570,4343.5,20210629 15:26:09,4,1625005562,0.001798789,-1.693457224,411.6872903,420.2551936,41.99686017,41.14065414,0.182910584,2.393592462,0.175485056,0.110320195,0,27.08537108,27.07905161,3.595811075,70.01976379,2.603243192,3.717869143,0.992567884,-79.32659195,73.54222532,6.654904216,0.870537591,0.019613717,-0.439851013,4.763540504,0,0,1,0,52669.99146,0,0,0,0,9,0.5,0: Broadleaf,1625005562,411.6872903,409.9721613,26.05019677,22.89695161,500.0363226,99.83178065,0.100024642,27.64895484,27.07905161,999.9,9999.151613,-0.291181968,0,0,0,0,26,4.583334516,1625005435,15:23:55,66,0.829,0.249,410,23,0.38,0.03,1.702513902,0.076946551,0.03291597,1,3.155911463,-0.06811108,0.007105941,1,2,2,2-Feb,100,100,0.829,0.249,3,504.304,463.777,30.6797,27.0668,29.9995,27.141,27.1078,20.7595,34.9029,19.9999,30.7,410,22.8908,105.336,102.183,1
31,1625006299,5072.4,20210629 15:38:18,5,1625006291,0.001369443,8.271653648,394.1236774,265.0279009,26.48605472,39.38748052,0.110480671,2.394439788,0.107724843,0.067569901,285.2705098,27.84411775,27.18904839,3.619093218,69.7187716,2.386829287,3.423510242,1.232263932,-60.39243491,-121.8517234,-10.95152305,92.07482842,0.019624615,-0.440095397,4.765704587,0,0,1,0,52945.38938,1799.996129,1517.396341,0.84299978,0.187999998,9,0.5,0: Broadleaf,1625006291,394.1236774,409.9833871,23.88337419,21.47736774,500.0246129,99.83687419,0.09998009,26.2451129,27.18904839,999.9,10004.19677,731.5492903,0,1799.996129,0.899999097,0.100000619,29,38866.46452,1625006134,15:35:34,68,0.85,0.217,410,21,0.08,0.03,-15.87644634,0.447733798,0.068820491,0,2.42060122,-0.39329561,0.0412634,0,0,2,0/2,100,100,0.85,0.217,3,503.841,463.324,25.2934,27.1964,30.0001,27.2472,27.2102,20.6912,44.0041,79.5119,25.2617,410,21.611,105.294,102.154,4
32,1625006569,5342.9,20210629 15:42:49,5,1625006561,0.0010561,6.971642714,396.6832258,257.6736301,25.74796797,39.63846432,0.085652297,2.393715384,0.083985368,0.05263792,253.574384,27.7304776,27.18024194,3.617224393,70.00591735,2.398512962,3.426157463,1.218711432,-46.5740238,-118.9894968,-10.69774244,77.31312091,0.019615298,-0.439886462,4.763854428,1,0,1,0,52918.70434,1600,1348.800188,0.843000118,0.187999962,9,0.5,0: Broadleaf,1625006561,396.6832258,409.9855806,24.00319677,22.14794194,500.0259032,99.82472903,0.100001181,26.2582,27.18024194,999.9,10000.66387,644.3224516,0,1600,0.900001032,0.099999139,29,34548.03871,1625006390,15:39:50,69,0.863,0.236,410,22,0.1,0.04,-13.30582439,0.244302439,0.044423751,0,1.85887439,-0.123998467,0.01721923,0,0,2,0/2,100,100,0.863,0.236,3,503.244,465.326,25.0377,26.9841,30.0001,27.0559,27.0274,20.7052,41.7102,69.6288,25.0229,410,22.2499,105.328,102.182,4
33,1625006686,5459.9,20210629 15:44:46,5,1625006678,0.000973893,6.536377039,397.5352903,258.2810698,25.80945519,39.72482098,0.080021708,2.393929832,0.078564854,0.049231717,221.8786658,27.53292837,27.10074516,3.600392399,70.00714778,2.398867694,3.426603954,1.201524705,-42.94866381,-108.4554123,-9.74602807,60.72856166,0.019618056,-0.439948309,4.764402111,1,0,1,0,52925.51541,1400.007419,1180.206164,0.842999936,0.187999921,9,0.5,0: Broadleaf,1625006678,397.5352903,409.9966774,24.0060129,22.29522258,500.0390645,99.82774516,0.100039742,26.26040645,27.10074516,999.9,10001.76774,560.2572258,0,1400.007419,0.900000839,0.099999116,28.85483548,30229.70645,1625006635,15:43:55,70,0.858,0.247,410,22,0.13,0.05,-12.46099756,0.055948432,0.067646497,1,1.713889756,-0.082138955,0.009244799,1,2,2,2-Feb,100,100,0.858,0.247,3,503.169,464.953,25.8767,27.0275,30,27.0753,27.0389,20.7004,41.7334,66.215,25.9026,410,22.3787,105.313,102.171,4
34,1625006802,5575.9,20210629 15:46:42,5,1625006794,0.00081635,6.093218343,398.4448387,245.9826838,24.57873943,39.81285071,0.067600582,2.393027496,0.066557334,0.041690724,190.1810692,27.5124205,27.13305161,3.607224437,69.93954341,2.418615717,3.458151997,1.18860872,-36.00105154,-92.55052394,-8.327727303,53.30176637,0.019606453,-0.439688104,4.762097769,1,0,1,0,52867.90599,1200.00129,1011.601156,0.843000057,0.188000051,9,0.5,0: Broadleaf,1625006794,398.4448387,409.9973548,24.20537419,22.77160645,500.0330645,99.82059355,0.10001489,26.41567742,27.13305161,999.9,9996.568387,480.2639677,0,1200.00129,0.899999516,0.100000532,28,25911.07742,1625006738,15:45:38,71,0.872,0.247,410,22,0.13,0.06,-11.55349024,-0.079881533,0.033552622,1,1.439920976,0.040528014,0.029340785,1,2,2,2-Feb,100,100,0.872,0.247,3,503.105,465.917,26.5368,27.0046,30.0001,27.0513,27.0149,20.711,39.5332,63.2112,26.5549,410,22.7191,105.317,102.178,4
35,1625006973,5746.9,20210629 15:49:33,5,1625006965,0.000759884,5.565273677,399.4382581,249.6708667,24.94477201,39.90812549,0.062864198,2.39546503,0.06196187,0.03880616,158.4836713,27.46784322,27.19140323,3.619593083,69.63275075,2.431420104,3.49177661,1.188172979,-33.51087035,-78.98341063,-7.107626192,38.88176415,0.019637804,-0.440391183,4.768323544,1,0,1,0,52919.74982,999.9973871,842.9978071,0.84300001,0.188000099,9,0.5,0: Broadleaf,1625006965,399.4382581,410.0015806,24.33595161,23.0015129,500.0245161,99.81065806,0.099965632,26.5798129,27.19140323,999.9,10013.55,403.6660968,0,999.9973871,0.899998645,0.100001319,28,21592.47419,1625006865,15:47:45,72,0.842,0.26,410,23,0.18,0.07,-10.55882439,-0.091747735,0.060467555,1,1.337952439,-0.024878258,0.016067524,1,2,2,2-Feb,100,100,0.842,0.26,3,502.96,466.672,26.7797,26.9545,30.0002,27.0033,26.9692,20.7169,38.0353,59.8261,26.7372,410,22.9953,105.328,102.188,4
36,1625007068,5841.9,20210629 15:51:08,5,1625007060,0.000753323,5.376288182,399.8238065,256.0660146,25.58469324,39.94817295,0.063374198,2.393812142,0.062456662,0.039116744,126.787457,27.36534373,27.17988065,3.617147742,69.62985128,2.448607124,3.51660542,1.168540617,-33.22156002,-61.91444045,-5.578488664,26.07296788,0.019616542,-0.439914367,4.764101536,1,0,1,0,52843.66297,800.0022903,674.4018725,0.842999927,0.187999859,9,0.5,0: Broadleaf,1625007060,399.8238065,410.0423871,24.50703871,23.18440323,500.0436452,99.81439355,0.100049535,26.70012903,27.17988065,999.9,10002.33387,325.5924194,0,800.0022903,0.900001677,0.099998297,28,17274.08065,1625007029,15:50:29,73,0.844,0.267,410,23,0.17,0.08,-10.21206098,-0.058559582,0.03610686,1,1.32553,-0.060010035,0.006761038,1,2,2,2-Feb,100,100,0.844,0.267,3,502.776,465.731,26.8578,27.039,30.0005,27.0593,27.0217,20.7091,38.1507,57.9344,26.847,410,23.2913,105.305,102.166,4
37,1625007164,5937.9,20210629 15:52:44,5,1625007156,0.000725147,5.119360212,400.2880323,260.3300309,26.01055021,39.99427929,0.062017001,2.39385182,0.061138064,0.038289221,95.09045305,27.22971434,27.15722581,3.612344098,69.71535478,2.463316837,3.533392098,1.149027261,-31.97899092,-48.54762423,-4.375340249,10.18849765,0.019617052,-0.43992581,4.764202872,1,0,1,0,52830.70198,599.9995161,505.7995129,0.842999868,0.188000286,9,0.5,0: Broadleaf,1625007156,400.2880323,410.0247419,24.65443226,23.38142903,500.031871,99.81375484,0.099997419,26.78105484,27.15722581,999.9,10002.65806,246.9811613,0,599.9995161,0.899995419,0.100004271,28,12955.50645,1625007124,15:52:03,74,0.866,0.268,410,23,0.08,0.06,-9.735902439,-0.091076028,0.035852551,1,1.273787805,-0.018753659,0.003926432,1,2,2,2-Feb,100,100,0.866,0.268,3,502.68,466.023,27.2538,27.0939,30.0002,27.0994,27.0553,20.7111,37.6227,56.807,27.2876,410,23.4026,105.297,102.165,4
38,1625007279,6052.9,20210629 15:54:39,5,1625007271,0.000672159,4.550628103,401.3335806,268.9507073,26.87102145,40.09747124,0.05839138,2.393853634,0.057611511,0.036076395,63.39340507,27.13247645,27.14513226,3.609782109,69.7186584,2.479639458,3.556636795,1.130142651,-29.64219321,-32.59616179,-2.939177189,-1.784127118,0.019617076,-0.439926333,4.764207504,1,0,1,0,52811.04994,400.0000323,337.1999202,0.842999733,0.187999466,9,0.5,0: Broadleaf,1625007271,401.3335806,410.0098065,24.8185871,23.63879355,500.0272258,99.81058387,0.099997184,26.89256129,27.14513226,999.9,10002.98774,167.2287097,0,400.0000323,0.900006387,0.099993526,28,8637.03129,1625007231,15:53:50,75,0.826,0.268,410,23,0.16,0.08,-8.677410976,0.072870105,0.047430401,1,1.17776,0.066083624,0.008325879,1,2,2,2-Feb,100,100,0.826,0.268,3,502.851,466.241,27.8963,27.0848,30.0002,27.0971,27.0543,20.7092,36.6511,54.931,27.9138,410,23.6167,105.309,102.172,4
39,1625007411,6185,20210629 15:56:51,5,1625007403,0.000607929,3.499152552,403.2887742,291.5044884,29.12472167,40.29328455,0.053673759,2.3913432,0.053013364,0.03319201,31.69704037,27.09302137,27.17193226,3.615461762,69.74446703,2.504818994,3.591423234,1.110642768,-26.80967415,-14.65594689,-1.32417902,-11.0927597,0.019584803,-0.439202604,4.757797566,1,0,1,0,52698.61715,200.0004516,168.60045,0.843000346,0.188000924,9,0.5,0: Broadleaf,1625007403,403.2887742,410.0285161,25.07031613,24.00348387,500.003,99.81180323,0.099940239,27.05825161,27.17193226,999.9,9986.409677,85.14810968,0,200.0004516,0.899988452,0.100011548,28,4318.498065,1625007342,15:55:41,76,0.875,0.275,410,24,0.17,0.1,-6.732586585,-0.03741784,0.034693216,1,1.067996585,-0.0442777,0.006097431,1,2,2,2-Feb,100,100,0.875,0.275,3,502.769,466.379,28.1665,27.1405,30.0004,27.1424,27.1006,20.7062,35.8716,53.0573,28.161,410,23.9746,105.292,102.155,4
40,1625007608,6382,20210629 16:00:08,5,1625007600,0.000495469,-1.974344323,413.1675484,476.4484825,47.59901704,41.27701083,0.044741196,2.393620339,0.044281737,0.027716973,0,26.95357612,27.12018065,3.604501182,69.9852212,2.520945906,3.602111793,1.083555275,-21.8501626,-1.458206915,-0.131624327,-23.43999384,0.019614076,-0.439859053,4.763611696,1,0,1,0,52765.09637,0,0,0,0,9,0.5,0: Broadleaf,1625007600,413.1675484,409.9823871,25.23373226,24.36444194,500.0279032,99.80380645,0.100000113,27.10888065,27.12018065,999.9,10002.1371,-0.294917935,0,0,0,0,26,2.126343226,1625007474,15:57:53,77,0.852,0.282,410,24,0.35,0.09,3.173028049,0.077927038,0.05413841,1,0.884014244,-0.051180084,0.043467156,1,2,2,2-Feb,100,100,0.852,0.282,3,502.774,466.609,29.2427,27.0567,29.9997,27.0804,27.036,20.6986,34.9573,50.8163,29.2568,410,24.2696,105.316,102.177,4
41,1625008222,6996,20210629 16:10:22,4,1625008214,0.001195509,6.750256413,396.9949355,274.9418499,27.4646138,39.65679503,0.095532019,2.393675177,0.093463331,0.058596714,285.2709068,27.67260694,27.15582258,3.612046746,70.23806273,2.372576412,3.377906963,1.239470335,-52.721967,-146.7993839,-13.18077273,72.56878314,0.019614781,-0.439874867,4.763751743,14,3,1,0,52959.12691,1799.999355,1517.399204,0.84299986,0.187999905,9,0.5,0: Broadleaf,1625008214,396.9949355,409.999,23.75130968,21.65061613,500.0268065,99.79244516,0.100000513,26.01826452,27.15582258,999.9,10003.63548,723.9309677,0,1799.999355,0.900000742,0.099999123,30,38866.54516,1625008135,16:08:55,78,0.938,0.234,410,22,0.11,0.03,-13.00763171,-0.023807666,0.049486236,1,2.109962683,-0.06069554,0.022670116,1,2,2,2-Feb,100,100,0.938,0.234,3,487.912,460.165,22.9789,27.3986,30.001,27.304,27.2464,20.6459,46.5973,82.7858,22.8905,410,21.683,105.247,102.125,3
42,1625008493,7266.5,20210629 16:14:52,4,1625008485,0.00076419,5.111807586,400.2415484,260.2281661,25.99402517,39.97987244,0.062054444,2.392722426,0.061174044,0.038311837,253.5753189,27.50947275,26.99070645,3.577206534,70.36433117,2.366506236,3.363218546,1.210700298,-33.70079966,-134.940275,-12.10630537,72.82793889,0.01960253,-0.439600148,4.761318785,12,2,1,0,52940.37362,1600.005161,1348.804356,0.843000003,0.188000074,9,0.5,0: Broadleaf,1625008485,400.2415484,409.9928387,23.69127419,22.34839032,500.0262903,99.78934839,0.100012419,25.94462903,26.99070645,999.9,9997.698065,642.9470968,0,1600.005161,0.899998968,0.100001,29,34548.13548,1625008300,16:11:39,79,0.994,0.237,410,22,0.12,0.04,-9.770581707,0.370964111,0.043973453,0,1.328936098,0.314181533,0.031199326,0,0,2,0/2,100,100,0.994,0.237,3,490.644,462.36,24.5117,27.3283,29.9996,27.3264,27.2795,20.6771,42.6165,70.5798,24.6244,410,22.3475,105.276,102.156,3
43,1625008622,7396,20210629 16:17:02,4,1625008614,0.000724346,4.980215614,400.5153871,257.8599253,25.75764777,40.00751282,0.059219309,2.395514082,0.058417879,0.036582276,221.8777403,27.58605268,27.12289032,3.60507435,70.25058561,2.403750944,3.421681005,1.201323406,-31.94366839,-114.5308527,-10.28506244,65.11815678,0.019638435,-0.440405337,4.76844886,11,2,1,0,52981.72335,1399.999677,1180.199807,0.843000056,0.18800015,9,0.5,0: Broadleaf,1625008614,400.5153871,410.0011613,24.06396129,22.79162258,500.0429677,99.79006129,0.100015606,26.23606452,27.12289032,999.9,10015.93871,559.3364839,0,1399.999677,0.899998129,0.100001871,29,30229.54516,1625008555,16:15:55,80,0.933,0.25,410,22,0.15,0.06,-9.488135366,-0.095894843,0.050695635,1,1.267979268,0.093248571,0.009893833,1,2,2,2-Feb,100,100,0.933,0.25,3,490.999,462.798,24.9073,27.343,30.0004,27.3388,27.2999,20.6901,40.9456,66.3727,24.9132,410,22.7875,105.268,102.149,3
44,1625008729,7503,20210629 16:18:49,4,1625008721,0.000711561,4.937994809,400.5938387,257.8631908,25.75726786,40.01425243,0.058656117,2.392920677,0.057868909,0.036237915,190.1810238,27.48530123,27.11615806,3.603650447,70.00798202,2.412413593,3.4459122,1.191236854,-31.37985848,-98.11950112,-8.825820631,51.85584352,0.019605079,-0.439657305,4.761825005,11,2,1,0,52874.24748,1200.001935,1011.601617,0.842999988,0.187999921,9,0.5,0: Broadleaf,1625008721,400.5938387,409.995,24.15134516,22.90150968,500.0167097,99.78736452,0.099974145,26.35558387,27.11615806,999.9,9999.196774,479.3810323,0,1200.001935,0.900001065,0.099998958,29,25911.10323,1625008686,16:18:06,81,0.932,0.256,410,23,0.15,0.06,-9.403243171,0.052523415,0.03265275,1,1.246859756,0.04940446,0.007253588,1,2,2,2-Feb,100,100,0.932,0.256,3,491.394,462.991,25.3776,27.3778,29.9999,27.3689,27.3276,20.6974,40.0329,63.709,25.4035,410,22.9829,105.263,102.142,3
45,1625008857,7631,20210629 16:20:57,4,1625008849,0.000691187,4.875215336,400.7374516,258.9833297,25.86981028,40.02961062,0.058267081,2.393640848,0.057490437,0.036000439,158.4847477,27.38851932,27.10814516,3.601956323,70.2208355,2.437319836,3.470935398,1.164636487,-30.48135473,-81.28646989,-7.313685286,39.4032378,0.019614339,-0.439864967,4.763664074,11,2,1,0,52876.58867,1000.004452,843.0038091,0.843000056,0.188000037,9,0.5,0: Broadleaf,1625008849,400.7374516,410.0110968,24.40007097,23.18633226,500.0169677,99.78989032,0.099976358,26.47824194,27.10814516,999.9,10003.66645,402.1680645,0,1000.004452,0.89999971,0.100000345,29,21592.62903,1625008810,16:20:09,82,0.965,0.261,410,23,0.13,0.09,-9.27369122,-0.004399024,0.022923152,1,1.208372195,0.09624669,0.01013089,1,2,2,2-Feb,100,100,0.965,0.261,3,491.707,463.401,25.7502,27.4313,29.9999,27.4141,27.3703,20.7101,38.6027,60.7071,25.7889,410,23.209,105.253,102.139,3
46,1625008997,7771,20210629 16:23:17,4,1625008989,0.000601129,4.779189081,400.9414194,244.7023208,24.44368135,40.05063893,0.051449896,2.393751229,0.050843361,0.031831,126.7872386,27.24880891,27.03829677,3.587218077,70.11252388,2.441826398,3.482725001,1.145391679,-26.50979032,-64.85275087,-5.834443286,29.59025412,0.019615759,-0.4398968,4.763945969,11,2,1,0,52870.13801,800.0009355,674.4007326,0.84299993,0.187999853,9,0.5,0: Broadleaf,1625008989,400.9414194,409.9770323,24.4447871,23.38929355,500.042,99.79148387,0.10001399,26.53576452,27.03829677,999.9,10004.23065,325.7440645,0,800.0009355,0.900001774,0.099998206,28,17274.05161,1625008909,16:21:49,83,0.946,0.265,410,23,0.14,0.07,-9.04184561,-0.073176585,0.041113075,1,1.066990244,-0.020902369,0.037088464,1,2,2,2-Feb,100,100,0.946,0.265,3,492.027,464.445,26.6907,27.4215,30,27.4217,27.3777,20.7259,36.801,58.0842,26.7883,410,23.3854,105.256,102.141,3
47,1625009131,7904.4,20210629 16:25:30,4,1625009123,0.000607825,4.565498709,401.3361613,254.7374326,25.44581195,40.08961064,0.052547425,2.393146178,0.05191475,0.032502927,95.09033687,27.30058338,27.15937742,3.612800078,70.01720501,2.478930867,3.540459615,1.133869211,-26.80509885,-44.42800294,-4.005964497,19.85127058,0.019607979,-0.439722324,4.76240083,11,2,1,0,52800.77594,600.0007742,505.8005543,0.842999836,0.187999669,9,0.5,0: Broadleaf,1625009123,401.3361613,409.9929032,24.81651935,23.74961613,500.0145484,99.79040323,0.099949319,26.81502581,27.15937742,999.9,10000.37097,247.4877742,0,600.0007742,0.900003968,0.099995981,28,12955.54516,1625009097,16:24:56,84,0.931,0.275,410,24,0.22,0.09,-8.652462683,-0.08291122,0.041215229,1,1.06094122,0.089765645,0.010791763,1,2,2,2-Feb,100,100,0.931,0.275,3,491.952,465.199,26.5227,27.4426,30.0004,27.4341,27.3949,20.7383,35.4683,56.2119,26.5284,410,23.7194,105.253,102.141,3
48,1625009231,8004.4,20210629 16:27:10,4,1625009223,0.000598848,4.338595821,401.7636452,260.7825264,26.04922086,40.13163792,0.052022139,2.394040396,0.051402198,0.032181458,63.39367722,27.22248767,27.17334839,3.615762095,69.66706976,2.487588557,3.570680618,1.128173538,-26.40917716,-27.58505677,-2.488319516,6.911123778,0.019619478,-0.439980197,4.764684491,10,2,1,0,52804.9679,399.9998387,337.1999062,0.843000105,0.188000281,9,0.5,0: Broadleaf,1625009223,401.7636452,410.0056774,24.90360968,23.85259355,500.0310323,99.78868387,0.099990484,26.95962258,27.17334839,999.9,10006.40806,167.3046774,0,399.9998387,0.899996484,0.100003516,28,8636.99871,1625009181,16:26:21,85,0.946,0.273,410,24,0.21,0.09,-8.245686098,0.037659512,0.027556446,1,1.04831439,0.010429129,0.008612342,1,2,2,2-Feb,100,100,0.946,0.273,3,492.156,465.62,27.1029,27.4822,29.9999,27.4655,27.4227,20.7436,34.5857,55.0884,27.1328,410,23.8509,105.247,102.135,3
49,1625009377,8150.4,20210629 16:29:36,4,1625009369,0.000552047,3.625701978,403.0549032,279.9935385,27.96648107,40.25816945,0.050084758,2.392864887,0.049509578,0.030994614,31.69684126,26.98490775,27.03070645,3.585619668,70.29012242,2.505858719,3.565022556,1.079760949,-24.345279,-12.65197619,-1.140868426,-6.441282347,0.019604362,-0.43964122,4.761682546,10,2,1,0,52770.56554,200.0002258,168.6001949,0.843000023,0.188000027,9,0.5,0: Broadleaf,1625009369,403.0549032,409.9810968,25.08804194,24.11936774,500.0418387,99.78255484,0.100039648,26.93263226,27.03070645,999.9,9999.312903,85.08386774,0,200.0002258,0.89999971,0.100000306,28,4318.510968,1625009318,16:28:38,86,0.96,0.285,410,24,0.12,0.1,-6.925622927,-0.046394007,0.030350826,1,0.978143122,-0.074446307,0.021599378,1,2,2,2-Feb,100,100,0.96,0.285,3,492.474,466.02,27.7114,27.5807,30.0003,27.5457,27.4996,20.7528,33.5626,53.9575,27.731,410,24.0627,105.231,102.12,3
50,1625009565,8338.4,20210629 16:32:44,4,1625009557,0.000532611,-1.949191578,413.1156774,471.0509826,47.0477567,41.26127871,0.047777208,2.393758417,0.047253702,0.029580121,0,27.13820539,27.24497419,3.630980964,69.70741194,2.540000712,3.64380292,1.090980252,-23.48812584,7.761455327,0.701668175,-15.02500234,0.019615851,-0.439898873,4.763964327,10,2,1,0,52734.64232,0,0,0,0,9,0.5,0: Broadleaf,1625009557,413.1156774,410.0033548,25.43096452,24.49669677,500.0270968,99.77828065,0.099988232,27.30511613,27.24497419,999.9,10005.60161,-0.279814129,0,0,0,0,28,3,1625009450,16:30:50,87,0.947,0.283,410,24,0.37,0.07,3.106358537,0.075878885,0.028968859,1,0.93491339,-0.012297429,0.001447324,1,2,2,2-Feb,100,100,0.947,0.283,3,493.013,467.434,27.5873,27.5987,30.0005,27.5722,27.5319,20.7632,32.1402,53.2087,27.5214,410,24.5207,105.231,102.121,3