Sample_ID,Analysis_Run,Sample_Type,Tree_Number,Depth,TIMESTAMP,del_O,del_D
JW__T1001,LGR21-10_JWA,Soil,1,0,7/8/21 6:45,68.40919169,-64.97271732
JW__T1101,LGR21-10_JWA,Soil,1,10,7/8/21 6:45,53.2435715,-74.1299085
JW__T1201,LGR21-10_JWA,Soil,1,20,7/8/21 6:45,3.743867246,31.36633784
JW__T1301,LGR21-10_JWA,Soil,1,30,7/8/21 6:45,-8.938160391,195.3860002
JW__T1401,LGR21-10_JWA,Soil,1,40,7/8/21 6:45,-5.751227658,-48.41566379
JW__T1501,LGR21-10_JWA,Soil,1,50,7/8/21 6:45,-2.036619453,-82.92316605
JW__T1601,LGR21-10_JWA,Soil,1,60,7/8/21 6:45,-8.520219209,-72.08075846
JW__T1002,LGR21-10_JWA,Soil,1,0,7/11/21 6:30,49.31630327,-39.30043033
JW__T1102,LGR21-10_JWA,Soil,1,10,7/11/21 6:30,60.88624034,-59.11707978
JW__T1202,LGR21-10_JWA,Soil,1,20,7/11/21 6:30,13.35652451,11.0028271
JW__T1302,LGR21-10_JWA,Soil,1,30,7/11/21 6:30,-9.682013727,163.6128823
JW__T1402,LGR21-10_JWA,Soil,1,40,7/11/21 6:30,-4.317540212,-45.21243422
JW__T1502,LGR21-10_JWA,Soil,1,50,7/11/21 6:30,-4.810264439,-78.27078522
JW__T1602,LGR21-10_JWA,Soil,1,60,7/11/21 6:30,-12.09944875,-83.78870515
JW__T1003,LGR21-10_JWA,Soil,1,0,7/14/21 6:30,40.95281611,-49.3303779
JW__T1103,LGR21-10_JWA,Soil,1,10,7/14/21 6:30,53.89470941,-61.48095164
JW__T1203,LGR21-10_JWA,Soil,1,20,7/14/21 6:30,11.60282499,20.43216343
JW__T1303,LGR21-10_JWA,Soil,1,30,7/14/21 6:30,-18.11960257,103.6009889
JW__T1403,LGR21-10_JWA,Soil,1,40,7/14/21 6:30,-16.67399889,-43.96326164
JW__T1503,LGR21-10_JWA,Soil,1,50,7/14/21 6:30,-6.539793348,-83.31984262
JW__T1603,LGR21-10_JWA,Soil,1,60,7/14/21 6:30,-11.3066889,-80.51006076
JW__T1004,LGR21-10_JWA,Soil,1,0,7/18/21 6:30,-15.79215754,182.6879398
JW__T1104,LGR21-10_JWA,Soil,1,10,7/18/21 6:30,-12.64638349,65.27062545
JW__T1204,LGR21-10_JWA,Soil,1,20,7/18/21 6:30,-7.965425602,-25.95049311
JW__T1304,LGR21-10_JWA,Soil,1,30,7/18/21 6:30,-3.220091308,-19.53422623
JW__T1404,LGR21-10_JWA,Soil,1,40,7/18/21 6:30,-4.813898354,-12.03601384
JW__T1504,LGR21-10_JWA,Soil,1,50,7/18/21 6:30,-3.23813473,-18.93095532
JW__T1604,LGR21-10_JWA,Soil,1,60,7/18/21 6:30,-5.102815185,-32.88149295
JW__T1005,LGR21-10_JWA,Soil,1,0,7/21/21 7:00,-8.374857352,133.1676391
JW__T1105,LGR21-10_JWA,Soil,1,10,7/21/21 7:00,-7.530803716,31.61885887
JW__T1205,LGR21-10_JWA,Soil,1,20,7/21/21 7:00,4.116525755,-16.16050827
JW__T1305,LGR21-10_JWA,Soil,1,30,7/21/21 7:00,-13.33308495,43.23830222
JW__T1405,LGR21-10_JWA,Soil,1,40,7/21/21 7:00,-16.16777364,11.7209039
JW__T1505,LGR21-10_JWA,Soil,1,50,7/21/21 7:00,-17.51884997,-47.24512406
JW__T1605,LGR21-10_JWA,Soil,1,60,7/21/21 7:00,-10.51858249,-37.17647144
JW__T2001,LGR21-10_JWA,Soil,2,0,7/8/21 7:15,77.30397816,-65.65130784
JW__T2101,LGR21-10_JWA,Soil,2,10,7/8/21 7:15,72.62151068,-79.79200559
JW__T2201,LGR21-10_JWA,Soil,2,20,7/8/21 7:15,45.07310608,-42.14521772
JW__T2301,LGR21-10_JWA,Soil,2,30,7/8/21 7:15,-9.126881959,199.540104
JW__T2401,LGR21-10_JWA,Soil,2,40,7/8/21 7:15,-7.026960699,7.042328718
JW__T2501,LGR21-10_JWA,Soil,2,50,7/8/21 7:15,-4.730040596,-23.39312409
JW__T2601,LGR21-10_JWA,Soil,2,60,7/8/21 7:15,-1.771767235,-32.06180047
JW__T2002,LGR21-10_JWA,Soil,2,0,7/11/21 7:00,40.57923905,-47.88443169
JW__T2102,LGR21-10_JWA,Soil,2,10,7/11/21 7:00,18.62419445,-80.40508857
JW__T2202,LGR21-10_JWA,Soil,2,20,7/11/21 7:00,-9.986596779,9.189837437
JW__T2302,LGR21-10_JWA,Soil,2,30,7/11/21 7:00,-13.34962933,170.7177465
JW__T2402,LGR21-10_JWA,Soil,2,40,7/11/21 7:00,-8.400506765,-38.10429138
JW__T2502,LGR21-10_JWA,Soil,2,50,7/11/21 7:00,1.020032213,-46.78608225
JW__T2602,LGR21-10_JWA,Soil,2,60,7/11/21 7:00,-3.525466761,-62.59559682
JW__T2003,LGR21-10_JWA,Soil,2,0,7/14/21 7:00,56.55543539,-49.88765288
JW__T2103,LGR21-10_JWA,Soil,2,10,7/14/21 7:00,64.53717925,-81.27062766
JW__T2203,LGR21-10_JWA,Soil,2,20,7/14/21 7:00,11.51963851,-11.31465192
JW__T2303,LGR21-10_JWA,Soil,2,30,7/14/21 7:00,-11.45909651,160.2130566
JW__T2403,LGR21-10_JWA,Soil,2,40,7/14/21 7:00,-15.13898059,10.20623213
JW__T2503,LGR21-10_JWA,Soil,2,50,7/14/21 7:00,-11.10424926,-54.35968349
JW__T2603,LGR21-10_JWA,Soil,2,60,7/14/21 7:00,-12.35014228,-67.22171837
JW__T2004,LGR21-10_JWA,Soil,2,0,7/18/21 7:00,-7.868293937,160.3704391
JW__T2504,LGR21-10_JWA,Soil,2,50,7/18/21 7:00,-8.682504002,71.87714766
JW__T2604,LGR21-10_JWB,Soil,2,60,7/18/21 7:00,-8.605385821,18.39701834
JW__T2005,LGR21-10_JWB,Soil,2,0,7/21/21 7:30,-13.55745241,179.0392891
JW__T2105,LGR21-10_JWB,Soil,2,10,7/21/21 7:30,-12.78237815,100.3150529
JW__T2205,LGR21-10_JWB,Soil,2,20,7/21/21 7:30,-7.977333285,-1.848413723
JW__T2305,LGR21-10_JWB,Soil,2,30,7/21/21 7:30,-7.448590804,-33.26429101
JW__T2405,LGR21-10_JWB,Soil,2,40,7/21/21 7:30,-8.673247911,6.394856355
JW__T2505,LGR21-10_JWB,Soil,2,50,7/21/21 7:30,-8.415929007,58.24166859
JW__T2605,LGR21-10_JWB,Soil,2,60,7/21/21 7:30,-9.122821115,31.80322923
JW__T3001,LGR21-10_JWB,Soil,3,0,7/8/21 7:45,75.127924,-47.77877851
JW__T3101,LGR21-10_JWB,Soil,3,10,7/8/21 7:45,81.42669145,-70.67171923
JW__T3201,LGR21-10_JWB,Soil,3,20,7/8/21 7:45,38.78527174,-5.662212932
JW__T3301,LGR21-10_JWB,Soil,3,30,7/8/21 7:45,-10.22465817,253.3781711
JW__T3401,LGR21-10_JWB,Soil,3,40,7/8/21 7:45,-8.400400695,237.8026294
JW__T3501,LGR21-10_JWB,Soil,3,50,7/8/21 7:45,0.967512875,135.0648956
JW__T3601,LGR21-10_JWB,Soil,3,60,7/8/21 7:45,-2.852965061,9.176458081
JW__T3002,LGR21-10_JWB,Soil,3,0,7/11/21 7:40,73.69237028,-55.80333774
JW__T3102,LGR21-10_JWB,Soil,3,10,7/11/21 7:40,63.95141117,-80.510803
JW__T3202,LGR21-10_JWB,Soil,3,20,7/11/21 7:40,13.66720236,4.553199805
JW__T3302,LGR21-10_JWB,Soil,3,30,7/11/21 7:40,-11.4803694,195.6417128
JW__T3402,LGR21-10_JWB,Soil,3,40,7/11/21 7:40,-5.278579341,172.028795
JW__T3502,LGR21-10_JWB,Soil,3,50,7/11/21 7:40,-11.09108044,124.8488023
JW__T3602,LGR21-10_JWB,Soil,3,60,7/11/21 7:40,-11.27727265,-7.417896965
JW__T3003,LGR21-10_JWB,Soil,3,0,7/14/21 7:30,38.28704213,-51.70373464
JW__T3103,LGR21-10_JWB,Soil,3,10,7/14/21 7:30,33.16349924,-70.51998995
JW__T3203,LGR21-10_JWB,Soil,3,20,7/14/21 7:30,2.556083912,16.87368603
JW__T3303,LGR21-10_JWB,Soil,3,30,7/14/21 7:30,-12.68532632,187.1768849
JW__T3403,LGR21-10_JWB,Soil,3,40,7/14/21 7:30,-11.18174272,192.608675
JW__T3503,LGR21-10_JWB,Soil,3,50,7/14/21 7:30,-8.877056102,154.327587
JW__T3603,LGR21-10_JWB,Soil,3,60,7/14/21 7:30,-13.30369789,28.83056175
JW__T3004,LGR21-10_JWB,Soil,3,0,7/18/21 7:30,-10.47179188,163.5248503
JW__T3104,LGR21-10_JWB,Soil,3,10,7/18/21 7:30,-13.56632973,198.2097731
JW__T3204,LGR21-10_JWB,Soil,3,20,7/18/21 7:30,23.89068161,-49.58897902
JW__T3304,LGR21-10_JWB,Soil,3,30,7/18/21 7:30,1.437716645,-27.38002339
JW__T3404,LGR21-10_JWB,Soil,3,40,7/18/21 7:30,-0.030053337,26.8896883
JW__T3504,LGR21-10_JWB,Soil,3,50,7/18/21 7:30,-1.067256658,66.66248711
JW__T3604,LGR21-10_JWB,Soil,3,60,7/18/21 7:30,0.744240776,-14.84595628
JW__T3005,LGR21-10_JWB,Soil,3,0,7/21/21 7:50,-4.822265379,87.64629672
JW__T3105,LGR21-10_JWB,Soil,3,10,7/21/21 7:50,-0.573389503,40.20967512
JW__T3205,LGR21-10_JWB,Soil,3,20,7/21/21 7:50,4.098583149,-39.53416287
JW__T3305,LGR21-10_JWB,Soil,3,30,7/21/21 7:50,-6.112950674,-35.61121963
JW__T3405,LGR21-10_JWB,Soil,3,40,7/21/21 7:50,-4.688736713,-20.754334
JW__T3505,LGR21-10_JWB,Soil,3,50,7/21/21 7:50,-4.005091428,-34.12369197
JW__T3605,LGR21-10_JWB,Soil,3,60,7/21/21 7:50,-10.09418955,-52.01760166
JW__T4001,LGR21-10_JWB,Soil,4,0,7/8/21 8:15,67.32121255,-61.78447047
JW__T4101,LGR21-10_JWB,Soil,4,10,7/8/21 8:15,85.97897583,-80.27610351
JW__T4201,LGR21-10_JWB,Soil,4,20,7/8/21 8:15,27.73783727,-82.83479256
JW__T4301,LGR21-10_JWB,Soil,4,30,7/8/21 8:15,-12.30282762,235.4219285
JW__T4401,LGR21-10_JWB,Soil,4,40,7/8/21 8:15,-14.10391663,57.84703552
JW__T4501,LGR21-10_JWB,Soil,4,50,7/8/21 8:15,-16.80033996,16.07425966
JW__T4601,LGR21-10_JWB,Soil,4,60,7/8/21 8:15,-10.32351503,56.54155079
JW__T4002,LGR21-10_JWB,Soil,4,0,7/11/21 8:15,72.90185895,-62.20089661
JW__T4102,LGR21-10_JWB,Soil,4,10,7/11/21 8:15,67.20120086,-87.79841199
JW__T4202,LGR21-10_JWB,Soil,4,20,7/11/21 8:15,10.46262323,-2.533535463
JW__T4302,LGR21-10_JWB,Soil,4,30,7/11/21 8:15,-6.959915065,171.3098017
JW__T4402,LGR21-10_JWB,Soil,4,40,7/11/21 8:15,-10.04277195,158.2510667
JW__T4502,LGR21-10_JWB,Soil,4,50,7/11/21 8:15,-11.86005239,150.4222942
JW__T4602,LGR21-10_JWB,Soil,4,60,7/11/21 8:15,-8.107650343,-10.31448838
JW__T4003,LGR21-10_JWB,Soil,4,0,7/14/21 8:15,36.55217016,-27.89808492
JW__T4103,LGR21-10_JWB,Soil,4,10,7/14/21 8:15,59.57570964,-61.42701818
JW__T4203,LGR21-10_JWB,Soil,4,20,7/14/21 8:15,24.91107355,-1.473968074
JW__T4303,LGR21-10_JWB,Soil,4,30,7/14/21 8:15,-1.949934126,171.6973081
JW__T4403,LGR21-10_JWB,Soil,4,40,7/14/21 8:15,-5.490083023,133.6602771
JW__T2104,LGR21-10_JWB,Soil,2,10,7/18/21 7:00,-5.359162349,18.37492401
JW__T2204,LGR21-10_JWB,Soil,2,20,7/18/21 7:00,6.391696673,-30.77976087
JW__T2304,LGR21-10_JWB,Soil,2,30,7/18/21 7:00,3.095524601,-9.545337301
JW__T2404,LGR21-10_JWB,Soil,2,40,7/18/21 7:00,-7.092035998,147.2462928
JW__T1V3,LGR21-10_JWC,Plant,1,NaN,7/14/21 14:30,-1.813730706,-39.53246632
JW__T1V4,LGR21-10_JWC,Plant,1,NaN,7/18/21 15:40,-9.130479213,20.22602925
JW__T1V5,LGR21-10_JWC,Plant,1,NaN,7/21/21 15:10,-11.56911784,12.10737814
JW__T2V3,LGR21-10_JWC,Plant,2,NaN,7/14/21 14:45,9.512258097,28.17805229
JW__T2V4,LGR21-10_JWC,Plant,2,NaN,7/18/21 15:50,7.663146016,51.00779074
JW__T2V5,LGR21-10_JWC,Plant,2,NaN,7/21/21 15:20,-8.329553571,43.40551864
JW__T3V3,LGR21-10_JWC,Plant,3,NaN,7/14/21 14:55,16.53290876,43.39468931
JW__T3V4,LGR21-10_JWC,Plant,3,NaN,7/18/21 15:55,16.54612608,57.35109979
JW__T3V5,LGR21-10_JWC,Plant,3,NaN,7/21/21 15:30,-7.443062979,52.07949928
JW__T4V2,LGR21-10_JWC,Plant,4,NaN,7/11/21 16:00,10.02638406,49.48155408
JW__T4V3,LGR21-10_JWC,Plant,4,NaN,7/14/21 15:00,2.59781035,60.15729518
JW__T4V4,LGR21-10_JWC,Plant,4,NaN,7/18/21 16:05,5.266621975,55.86081576
JW__T4V5,LGR21-10_JWC,Plant,4,NaN,7/21/21 15:40,-11.23353209,43.94917234
JW__T5V2,LGR21-10_JWC,Plant,5,NaN,7/11/21 16:10,8.301912646,43.13797187
JW__T5V3,LGR21-10_JWC,Plant,5,NaN,7/14/21 15:10,-1.061769544,58.65194391
JW__T5V4,LGR21-10_JWC,Plant,5,NaN,7/18/21 16:10,5.829312275,38.73634186
JW__T5V5,LGR21-10_JWC,Plant,5,NaN,7/21/21 15:50,-7.496916881,58.81904644
JW__T6V2,LGR21-10_JWC,Plant,6,NaN,7/11/21 16:20,5.970973961,41.23672641
JW__T6V3,LGR21-10_JWC,Plant,6,NaN,7/14/21 15:20,0.481736179,55.61983208
JW__T6V4,LGR21-10_JWC,Plant,6,NaN,7/18/21 16:15,4.735026655,45.53594464
JW__T6V5,LGR21-10_JWC,Plant,6,NaN,7/21/21 15:55,-6.777009828,29.77301938
JW__T4503,LGR21-10_JWC,Soil,4,50,7/14/21 8:15,-0.694735239,50.83616477
JW__T4603,LGR21-10_JWC,Soil,4,60,7/14/21 8:15,0.809118524,-15.55528806
JW__T4004,LGR21-10_JWC,Soil,4,0,7/18/21 8:00,-10.71031487,155.8107334
JW__T4104,LGR21-10_JWC,Soil,4,10,7/18/21 8:00,4.018667143,-34.24359044
JW__T4204,LGR21-10_JWC,Soil,4,20,7/18/21 8:00,-0.70637527,-49.567156
JW__T4304,LGR21-10_JWC,Soil,4,30,7/18/21 8:00,-7.365798758,1.261901369
JW__T4404,LGR21-10_JWC,Soil,4,40,7/18/21 8:00,-13.40732902,109.1884932
JW__T4504,LGR21-10_JWC,Soil,4,50,7/18/21 8:00,-9.560268958,58.98899036
JW__T4604,LGR21-10_JWC,Soil,4,60,7/18/21 8:00,-12.42822903,23.90194314
JW__T4005,LGR21-10_JWC,Soil,4,0,7/21/21 8:45,-8.956075737,125.1694083
JW__T4105,LGR21-10_JWC,Soil,4,10,7/21/21 8:45,-4.350812708,37.12544602
JW__T4205,LGR21-10_JWC,Soil,4,20,7/21/21 8:45,-6.304460447,-1.680779879
JW__T4305,LGR21-10_JWC,Soil,4,30,7/21/21 8:45,-7.208049304,-37.50805571
JW__T4405,LGR21-10_JWC,Soil,4,40,7/21/21 8:45,-5.824005976,-23.87290905
JW__T4505,LGR21-10_JWC,Soil,4,50,7/21/21 8:45,-7.798657463,-4.002162816
JW__T4605,LGR21-10_JWC,Soil,4,60,7/21/21 8:45,-6.200119619,-1.02302095
JW__T5001,LGR21-10_JWC,Soil,5,0,7/8/21 8:45,62.1646658,-58.85939973
JW__T5101,LGR21-10_JWC,Soil,5,10,7/8/21 8:45,72.8255908,-78.60360787
JW__T5201,LGR21-10_JWC,Soil,5,20,7/8/21 8:45,13.38351014,-76.24825793
JW__T5301,LGR21-10_JWC,Soil,5,30,7/8/21 8:45,-6.252712607,161.5871413
JW__T5401,LGR21-10_JWC,Soil,5,40,7/8/21 8:45,-8.207298895,86.36704425
JW__T5501,LGR21-10_JWC,Soil,5,50,7/8/21 8:45,-5.663166693,87.75452097
JW__T5601,LGR21-10_JWC,Soil,5,60,7/8/21 8:45,-2.820219216,-46.08556493
JW__T5002,LGR21-10_JWC,Soil,5,0,7/11/21 8:45,57.49931572,-57.11325327
JW__T5102,LGR21-10_JWC,Soil,5,10,7/11/21 8:45,56.80851521,-76.3299841
JW__T5202,LGR21-10_JWC,Soil,5,20,7/11/21 8:45,22.21712773,-59.58623642
JW__T5302,LGR21-10_JWC,Soil,5,30,7/11/21 8:45,-16.36664492,168.246867
JW__T5402,LGR21-10_JWC,Soil,5,40,7/11/21 8:45,-10.16831906,106.6560372
JW__T5502,LGR21-10_JWC,Soil,5,50,7/11/21 8:45,-8.795798649,108.6120717
JW__T5602,LGR21-10_JWC,Soil,5,60,7/11/21 8:45,-6.808658042,-24.99655582
JW__T6001,LGR21-10_JWC,Soil,6,0,7/8/21 9:30,65.40043523,-62.81930531
JW__T6101,LGR21-10_JWC,Soil,6,10,7/8/21 9:30,76.73649088,-82.52785345
JW__T6201,LGR21-10_JWC,Soil,6,20,7/8/21 9:30,11.2184423,-76.11811306
JW__T6301,LGR21-10_JWC,Soil,6,30,7/8/21 9:30,-14.06364454,216.8621006
JW__T6401,LGR21-10_JWC,Soil,6,40,7/8/21 9:30,-13.82761317,26.33103068
JW__T6501,LGR21-10_JWC,Soil,6,50,7/8/21 9:30,-10.67470696,50.71005446
JW___T1V1,LGR21-22_SM,Plant,1,NaN,7/8/21 15:30,9.578934454,58.42963363
JW___T1V2,LGR21-22_SM,Plant,1,NaN,7/11/21 15:30,-6.228429986,-15.98439767
JW___T2V1,LGR21-22_SM,Plant,2,NaN,7/8/21 15:40,0.137038171,63.30759981
JW___T2V2,LGR21-22_SM,Plant,2,NaN,7/11/21 15:40,-0.972670732,60.75871352
JW___T3V1,LGR21-22_SM,Plant,3,NaN,7/8/21 15:50,1.062772745,79.34232679
JW___T3V2,LGR21-22_SM,Plant,3,NaN,7/11/21 15:50,4.912039905,60.4527266
JW___T4V1,LGR21-22_SM,Plant,4,NaN,7/8/21 16:00,6.890445102,72.45965851
JW___T5V1,LGR21-22_SM,Plant,5,NaN,7/8/21 16:10,0.301692762,76.56003109
JW___T6V1,LGR21-22_SM,Plant,6,NaN,7/8/21 16:15,3.914505635,56.89544332
JW___T5003,LGR21-22_SM,Soil,5,0,7/14/21 8:45,44.6180124,-52.5487889
JW___T5103,LGR21-22_SM,Soil,5,10,7/14/21 8:45,42.70246918,-83.57795934
JW___T5203,LGR21-22_SM,Soil,5,20,7/14/21 8:45,3.268434373,-65.85278796
JW___T5303,LGR21-22_SM,Soil,5,30,7/14/21 8:45,-5.290661839,98.20541544
JW___T5403,LGR21-22_SM,Soil,5,40,7/14/21 8:45,-9.527856225,138.7898382
JW___T5503,LGR21-22_SM,Soil,5,50,7/14/21 8:45,-8.060308385,46.48422373
JW___T5603,LGR21-22_SM,Soil,5,60,7/14/21 8:45,-14.42629661,-12.52634895
JW___T5004,LGR21-22_SM,Soil,5,0,7/18/21 8:45,1.759447072,117.2237355
JW___T5104,LGR21-22_SM,Soil,5,10,7/18/21 8:45,1.210651083,64.115512
JW___T5204,LGR21-22_SM,Soil,5,20,7/18/21 8:45,-8.972979683,23.88565915
JW___T5304,LGR21-22_SM,Soil,5,30,7/18/21 8:45,-12.46099634,45.16734444
JW___T5404,LGR21-22_SM,Soil,5,40,7/18/21 8:45,-9.39729044,32.78821502
JW___T5504,LGR21-22_SM,Soil,5,50,7/18/21 8:45,-8.288088405,58.62024459
JW___T5604,LGR21-22_SM,Soil,5,60,7/18/21 8:45,-7.763016413,9.937788207
JW___T5005,LGR21-22_SM,Soil,5,0,7/21/21 9:25,4.406952348,87.62004544
JW___T5105,LGR21-22_SM,Soil,5,10,7/21/21 9:25,-2.20840538,90.52066208
JW___T5205,LGR21-22_SM,Soil,5,20,7/21/21 9:25,-10.80459236,104.2691921
JW___T5305,LGR21-22_SM,Soil,5,30,7/21/21 9:25,-10.41389047,28.40112486
JW___T5405,LGR21-22_SM,Soil,5,40,7/21/21 9:25,-10.9107853,13.61486881
JW___T5505,LGR21-22_SM,Soil,5,50,7/21/21 9:25,-9.085098915,-20.21295377
JW___T5605,LGR21-22_SM,Soil,5,60,7/21/21 9:25,-11.36006134,-6.613083181
JW__T6601,LGR22-5_JWA,Soil,6,60,7/8/21 9:30,-12.91,180.6
JW__T6002,LGR22-5_JWA,Soil,6,0,7/11/21 9:30,63.65,-46.3
JW__T6102,LGR22-5_JWA,Soil,6,10,7/11/21 9:30,76.39,-75.4
JW__T6202,LGR22-5_JWA,Soil,6,20,7/11/21 9:30,15.81,-11.1
JW__T6302,LGR22-5_JWA,Soil,6,30,7/11/21 9:30,-8.22,180.9
JW__T6402,LGR22-5_JWA,Soil,6,40,7/11/21 9:30,-1.07,57.1
JW__T6502,LGR22-5_JWA,Soil,6,50,7/11/21 9:30,0.69,-67.9
JW__T6602,LGR22-5_JWA,Soil,6,60,7/11/21 9:30,0.63,-34.6
JW__T6003,LGR22-5_JWA,Soil,6,0,7/14/21 9:15,53.92,-51.1
JW__T6103,LGR22-5_JWA,Soil,6,10,7/14/21 9:15,65.25,-73.1
JW__T6203,LGR22-5_JWA,Soil,6,20,7/14/21 9:15,11.97,-34.6
JW__T6303,LGR22-5_JWA,Soil,6,30,7/14/21 9:15,-12.87,208.6
JW__T6403,LGR22-5_JWA,Soil,6,40,7/14/21 9:15,-12.85,135.5
JW__T6503,LGR22-5_JWA,Soil,6,50,7/14/21 9:15,-14.37,124.9
JW__T6603,LGR22-5_JWA,Soil,6,60,7/14/21 9:15,-12.21,90.5
JW__T6004,LGR22-5_JWA,Soil,6,0,7/18/21 9:10,-8,94.8
JW__T6104,LGR22-5_JWA,Soil,6,10,7/18/21 9:10,-5.2,-5.8
JW__T6204,LGR22-5_JWA,Soil,6,20,7/18/21 9:10,1.08,-48.5
JW__T6304,LGR22-5_JWA,Soil,6,30,7/18/21 9:10,-9.74,36.7
JW__T6404,LGR22-5_JWA,Soil,6,40,7/18/21 9:10,-9.64,76.6
JW__T6504,LGR22-5_JWA,Soil,6,50,7/18/21 9:10,-7.79,38.7
JW__T6604,LGR22-5_JWA,Soil,6,60,7/18/21 9:10,-6.9,-27.3
JW__T6005,LGR22-5_JWA,Soil,6,0,7/21/21 9:50,-8.73,156.6
JW__T6105,LGR22-5_JWA,Soil,6,10,7/21/21 9:50,-12.46,67.9
JW__T6205,LGR22-5_JWA,Soil,6,20,7/21/21 9:50,1.74,-29.3
JW__T6305,LGR22-5_JWA,Soil,6,30,7/21/21 9:50,-5.71,22.4
JW__T6405,LGR22-5_JWA,Soil,6,40,7/21/21 9:50,-7.64,23.5
JW__T6505,LGR22-5_JWA,Soil,6,50,7/21/21 9:50,-5.94,8.9
JW__T6605,LGR22-5_JWA,Soil,6,60,7/21/21 9:50,-8.58,-7.5
JW__T1V52,LGR22-5_JWA,Plant_Bag,1,NaN,7/21/21 15:10,-7.53,3.2
JW__T2V52,LGR22-5_JWA,Plant_Bag,2,NaN,7/21/21 15:20,-5.12,38
JW__T3V52,LGR22-5_JWA,Plant_Bag,3,NaN,7/21/21 15:30,-2.2,53.9
JW__T4V52,LGR22-5_JWA,Plant_Bag,4,NaN,7/21/21 15:40,-9.85,32.4
JW__T5V52,LGR22-5_JWA,Plant_Bag,5,NaN,7/21/21 15:50,4.28,42.2
JW__T6V52,LGR22-5_JWA,Plant_Bag,6,NaN,7/21/21 15:55,1.22,21.6
JW__P1UP,LGR22-5_JWA,Tracer,11,0,,-12.91,348.2
JW__P2LO,LGR22-5_JWA,Tracer,12,30,,-14.29,355.3
JW__T1LO1,LGR22-5_JWA,Tracer,1,30,7/6/21 11:00,-13.77,359.1
JW__T2LO1,LGR22-5_JWA,Tracer,2,30,7/6/21 13:00,-13.86,355.4
JW__T3LO1,LGR22-5_JWA,Tracer,3,30,7/6/21 15:00,-12.7,355
JW__T4LO1,LGR22-5_JWA,Tracer,4,30,7/6/21 16:30,-10.07,360.6
JW__T5LO1,LGR22-5_JWA,Tracer,5,30,7/6/21 18:00,-10.58,355.8
JW__T6LO1,LGR22-5_JWA,Tracer,6,30,7/6/21 19:00,-9.09,358.3
JW__T1UP1,LGR22-5_JWA,Tracer,1,0,7/6/21 8:00,120.4,-77.8
JW__T2UP1,LGR22-5_JWA,Tracer,2,0,7/6/21 8:00,88.08,-80.1
JW__T3UP1,LGR22-5_JWA,Tracer,3,0,7/6/21 8:00,104.54,-79.5
JW__T4UP1,LGR22-5_JWA,Tracer,4,0,7/6/21 8:00,108.58,-79.4
JW__T5UP1,LGR22-5_JWA,Tracer,5,0,7/6/21 8:00,129.84,-78.7
JW__T6UP1,LGR22-5_JWA,Tracer,6,0,7/6/21 8:00,120,-79.2
JW__RETAP,LGR22-5_JWB,Tracer,1,NaN,7/16/21 9:30,-12.23089404,-88.00373956
JW__RE123,LGR22-5_JWB,Tracer,1,0,7/16/21 13:00,-14.95284075,348.8521963
JW__RE456,LGR22-5_JWB,Tracer,4,0,7/16/21 13:00,-14.9911789,367.1092834
JW__RETAP,LGR22-5_JWB,Tracer,2,NaN,7/16/21 9:30,-12.23089404,-88.00373956
JW__RE123,LGR22-5_JWB,Tracer,2,0,7/16/21 13:00,-14.95284075,348.8521963
JW__RETAP,LGR22-5_JWB,Tracer,3,NaN,7/16/21 9:30,-12.23089404,-88.00373956
JW__RE123,LGR22-5_JWB,Tracer,3,0,7/16/21 13:00,-14.95284075,348.8521963
JW__RETAP,LGR22-5_JWB,Tracer,4,NaN,7/16/21 9:30,-12.23089404,-88.00373956
JW__RE456,LGR22-5_JWB,Tracer,5,0,7/16/21 13:00,-14.9911789,367.1092834
JW__RETAP,LGR22-5_JWB,Tracer,5,NaN,7/16/21 9:30,-12.23089404,-88.00373956
JW__RETAP,LGR22-5_JWB,Tracer,6,NaN,7/16/21 9:30,-12.23089404,-88.00373956
JW__RE456,LGR22-5_JWB,Tracer,6,0,7/16/21 13:00,-14.9911789,367.1092834
JW__T2B0707,HD642/GB810,Transpiration,2,NaN,7/7/21 0:00,10.47,11.8
JW__T3B0707,HD642/GB810,Transpiration,3,NaN,7/7/21 0:00,10.82,3.9
JW__T4B0707,HD642/GB810,Transpiration,4,NaN,7/7/21 0:00,12.18,-27.6
JW__T5B0707,HD642/GB810,Transpiration,5,NaN,7/7/21 0:00,12.33,-43.6
JW__T6B0707,HD642/GB810,Transpiration,6,NaN,7/7/21 0:00,13.11,-36.9
JW__T1B0708,HD642/GB810,Transpiration,1,NaN,7/8/21 0:00,15.22,58.7
JW__T2B0708,HD642/GB810,Transpiration,2,NaN,7/8/21 0:00,15.02,67.4
JW__T3B0708,HD642/GB810,Transpiration,3,NaN,7/8/21 0:00,16.51,77.6
JW__T4B0708,HD642/GB810,Transpiration,4,NaN,7/8/21 0:00,15.72,79.8
JW__T5B0708,HD642/GB810,Transpiration,5,NaN,7/8/21 0:00,16.95,51.6
JW__T6B0708,HD642/GB810,Transpiration,6,NaN,7/8/21 0:00,15.48,55.6
JW__T1B0709,HD642/GB810,Transpiration,1,NaN,7/9/21 0:00,8.66,72.7
JW__T2B0709,HD642/GB810,Transpiration,2,NaN,7/9/21 0:00,6.42,82.5
JW__T3B0709,HD642/GB810,Transpiration,3,NaN,7/9/21 0:00,12.34,55.9
JW__T4B0709,HD642/GB810,Transpiration,4,NaN,7/9/21 0:00,9.07,89.8
JW__T5B0709,HD642/GB810,Transpiration,5,NaN,7/9/21 0:00,6.9,80.6
JW__T6B0709,HD642/GB810,Transpiration,6,NaN,7/9/21 0:00,7.76,75.8
JW__T1B0710,HD642/GB810,Transpiration,1,NaN,7/10/21 0:00,3.73,32.3
JW__T2B0710,HD642/GB810,Transpiration,2,NaN,7/10/21 0:00,8.71,63.9
JW__T4B0710,HD642/GB810,Transpiration,4,NaN,7/10/21 0:00,9.12,71.6
JW__T5B0710,HD642/GB810,Transpiration,5,NaN,7/10/21 0:00,5.44,60.5
JW__T6B0710,HD642/GB810,Transpiration,6,NaN,7/10/21 0:00,4.63,66
JW__T1B0711,HD642/GB810,Transpiration,1,NaN,7/11/21 0:00,2.02,7.9
JW__T2B0711,HD642/GB810,Transpiration,2,NaN,7/11/21 0:00,4.23,37.7
JW__T4B0711,HD642/GB810,Transpiration,4,NaN,7/11/21 0:00,3.91,31.4
JW__T6B0711,HD642/GB810,Transpiration,6,NaN,7/11/21 0:00,2.81,40.1
JW__T2B0712,HD642/GB810,Transpiration,2,NaN,7/12/21 0:00,1.83,29.4
JW__T3B0712,HD642/GB810,Transpiration,3,NaN,7/12/21 0:00,3.93,26.1
JW__T4B0712,HD642/GB810,Transpiration,4,NaN,7/12/21 0:00,2.08,37.2
JW__T5B0712,HD642/GB810,Transpiration,5,NaN,7/12/21 0:00,2.44,27.3
JW__T6B0712,HD642/GB810,Transpiration,6,NaN,7/12/21 0:00,1.57,22.5
JW__T1B0713,HD642/GB810,Transpiration,1,NaN,7/13/21 0:00,-0.63,-2.3
JW__T4B0713,HD642/GB810,Transpiration,4,NaN,7/13/21 0:00,2.45,24.5
JW__T6B0613,HD642/GB810,Transpiration,6,NaN,7/13/21 0:00,1.95,24.7
JW__T1B0714,HD642/GB810,Transpiration,1,NaN,7/14/21 0:00,-0.87,-7.5
JW__T2B0714,HD642/GB810,Transpiration,2,NaN,7/14/21 0:00,0.97,24.5
JW__T3B0714,HD642/GB810,Transpiration,3,NaN,7/14/21 0:00,4.85,28.1
JW__T4B0714,HD642/GB810,Transpiration,4,NaN,7/14/21 0:00,3.4,31.9
JW__T6B0714,HD642/GB810,Transpiration,6,NaN,7/14/21 0:00,2.21,29
JW__T1B0715,HD642/GB810,Transpiration,1,NaN,7/15/21 0:00,-1.95,-8
JW__T2B0715,HD642/GB810,Transpiration,2,NaN,7/15/21 0:00,-0.18,11
JW__T3B0715,HD642/GB810,Transpiration,3,NaN,7/15/21 0:00,1.67,14.6
JW__T4B0715,HD642/GB810,Transpiration,4,NaN,7/15/21 0:00,2.73,27.2
JW__T5B0715,HD642/GB810,Transpiration,5,NaN,7/15/21 0:00,0.01,24.1
JW__T6B0715,HD642/GB810,Transpiration,6,NaN,7/15/21 0:00,2.58,30.3
JW__T1B0716,HD642/GB810,Transpiration,1,NaN,7/16/21 0:00,-2.44,-15.5
JW__T2B0716,HD642/GB810,Transpiration,2,NaN,7/16/21 0:00,0.99,23.4
JW__T3B0716,HD642/GB810,Transpiration,3,NaN,7/16/21 0:00,4.75,23.8
JW__T4B0716,HD642/GB810,Transpiration,4,NaN,7/16/21 0:00,3.3,31.6
JW__T5B0716,HD642/GB810,Transpiration,5,NaN,7/16/21 0:00,0.38,24.4
JW__T6B0716,HD642/GB810,Transpiration,6,NaN,7/16/21 0:00,0.96,26.9
JW__T1B0717,HD642/GB810,Transpiration,1,NaN,7/17/21 0:00,-1.97,-14.5
JW__T2B0717,HD642/GB810,Transpiration,2,NaN,7/17/21 0:00,2.64,24.6
JW__T3B0717,HD642/GB810,Transpiration,3,NaN,7/17/21 0:00,2.97,16.2
JW__T4B0717,HD642/GB810,Transpiration,4,NaN,7/17/21 0:00,5.16,30.7
JW__T5B0717,HD642/GB810,Transpiration,5,NaN,7/17/21 0:00,3.74,31.3
JW__T6B0717,HD642/GB810,Transpiration,6,NaN,7/17/21 0:00,3.4,31.1
JW__T1B0718,HD642/GB810,Transpiration,1,NaN,7/18/21 0:00,1.92,-2.9
JW__T2B0718,HD642/GB810,Transpiration,2,NaN,7/18/21 0:00,7.59,42.8
JW__T3B0718,HD642/GB810,Transpiration,3,NaN,7/18/21 0:00,10.64,43.7
JW__T4B0718,HD642/GB810,Transpiration,4,NaN,7/18/21 0:00,6.8,41.8
JW__T5B0718,HD642/GB810,Transpiration,5,NaN,7/18/21 0:00,5.64,37.3
JW__T6B0718,HD642/GB810,Transpiration,6,NaN,7/18/21 0:00,6.66,43.1
JW__T1B0719,HD642/GB810,Transpiration,1,NaN,7/19/21 0:00,-0.39,25.6
JW__T2B0719,HD642/GB810,Transpiration,2,NaN,7/19/21 0:00,9.94,44.8
JW__T3B0719,HD642/GB810,Transpiration,3,NaN,7/19/21 0:00,9.76,31.8
JW__T4B0719,HD642/GB810,Transpiration,4,NaN,7/19/21 0:00,7.8,46.4
JW__T5B0719,HD642/GB810,Transpiration,5,NaN,7/19/21 0:00,8.3,38.7
JW__T6B0719,HD642/GB810,Transpiration,6,NaN,7/19/21 0:00,7.33,46.2
JW__T1B0720,HD642/GB810,Transpiration,1,NaN,7/20/21 0:00,-1.71,29.1
JW__T2B0720,HD642/GB810,Transpiration,2,NaN,7/20/21 0:00,9.77,49.3
JW__T3B0720,HD642/GB810,Transpiration,3,NaN,7/20/21 0:00,12.92,49.3
JW__T4B0720,HD642/GB810,Transpiration,4,NaN,7/20/21 0:00,3.63,47.9
JW__T5B0720,HD642/GB810,Transpiration,5,NaN,7/20/21 0:00,7.55,41.2
JW__T6B0720,HD642/GB810,Transpiration,6,NaN,7/20/21 0:00,1.78,45.5
JW__T1B0721,HD642/GB810,Transpiration,1,NaN,7/21/21 0:00,-1.95,19.8
JW__T2B0721,HD642/GB810,Transpiration,2,NaN,7/21/21 0:00,1.09,60.2
JW__T3B0721,HD642/GB810,Transpiration,3,NaN,7/21/21 0:00,6.09,63.9
JW__T4B0721,HD642/GB810,Transpiration,4,NaN,7/21/21 0:00,-1.73,58
JW__T5B0721,HD642/GB810,Transpiration,5,NaN,7/21/21 0:00,3,53.5
JW__T6B0721,HD642/GB810,Transpiration,6,NaN,7/21/21 0:00,-1.63,39.5
JW__T1L1,HD642/GB810,Leaf,1,NaN,7/8/21 15:30,21.97,46
JW__T2L1,HD642/GB810,Leaf,2,NaN,7/8/21 15:40,20.59,60.2
JW__T3L1,HD642/GB810,Leaf,3,NaN,7/8/21 15:50,22.86,78.4
JW__T4L1,HD642/GB810,Leaf,4,NaN,7/8/21 16:00,20.2,73.6
JW__T5L1,HD642/GB810,Leaf,5,NaN,7/8/21 16:10,20.26,66.1
JW__T6L1,HD642/GB810,Leaf,6,NaN,7/8/21 16:15,20.17,54.4
JW__T1P1,HD642/GB810,Petiole,1,NaN,7/8/21 15:30,15.22,44.3
JW__T2P1,HD642/GB810,Petiole,2,NaN,7/8/21 15:40,7.84,33.5
JW__T3P1,HD642/GB810,Petiole,3,NaN,7/8/21 15:50,10.71,66.5
JW__T4P1,HD642/GB810,Petiole,4,NaN,7/8/21 16:00,9.48,72.5
JW__T5P1,HD642/GB810,Petiole,5,NaN,7/8/21 16:10,5.81,23.3
JW__T6P1,HD642/GB810,Petiole,6,NaN,7/8/21 16:15,9.53,28
JW__T1L2,HD642/GB810,Leaf,1,NaN,7/11/21 15:30,14.05,17.6
JW__T2L2,HD642/GB810,Leaf,2,NaN,7/11/21 15:40,13.97,39.5
JW__T3L2,HD642/GB810,Leaf,3,NaN,7/11/21 15:50,17.39,47.4
JW__T4L2,HD642/GB810,Leaf,4,NaN,7/11/21 16:00,14.36,46.9
JW__T5L2,HD642/GB810,Leaf,5,NaN,7/11/21 16:10,15.54,47.8
JW__T6L2,HD642/GB810,Leaf,6,NaN,7/11/21 16:20,16.99,57.1
JW__T1P2,HD642/GB810,Petiole,1,NaN,7/11/21 15:30,0.18,-26.3
JW__T2P2,HD643/GB811,Petiole,2,NaN,7/11/21 15:40,6.97,32.4
JW__T3P2,HD643/GB812,Petiole,3,NaN,7/11/21 15:50,11.7,14.4
JW__T4P2,HD643/GB813,Petiole,4,NaN,7/11/21 16:00,8.55,53
JW__T5P2,HD643/GB814,Petiole,5,NaN,7/11/21 16:10,5.86,12.9
JW__T6P2,HD643/GB815,Petiole,6,NaN,7/11/21 16:20,5.24,27.6
JW__T1L3,HD643/GB816,Leaf,1,NaN,7/14/21 14:30,8.24,0.3
JW__T2L3,HD643/GB817,Leaf,2,NaN,7/14/21 14:45,7.6,13.7
JW__T3L3,HD643/GB818,Leaf,3,NaN,7/14/21 14:55,12.05,31.3
JW__T4L3,HD643/GB819,Leaf,4,NaN,7/14/21 15:00,10.36,30.6
JW__T5L3,HD643/GB820,Leaf,5,NaN,7/14/21 15:10,9.91,28.8
JW__T6L3,HD643/GB821,Leaf,6,NaN,7/14/21 15:20,10.34,31.1
JW__T1P3,HD643/GB822,Petiole,1,NaN,7/14/21 14:30,-0.14,-32.7
JW__T2P3,HD643/GB823,Petiole,2,NaN,7/14/21 14:45,8.39,27.6
JW__T3P3,HD643/GB824,Petiole,3,NaN,7/14/21 14:55,14.63,38.8
JW__T5P3,HD643/GB825,Petiole,5,NaN,7/14/21 15:10,7.11,24.2
JW__T1B0703,HD643/GB826,Transpiration,1,NaN,7/3/21 0:00,-7.44,-56.7
JW__T2B0703,HD643/GB827,Transpiration,2,NaN,7/3/21 0:00,-6.42,-51.3
JW__T3B0703,HD643/GB828,Transpiration,3,NaN,7/3/21 0:00,-7.23,-55.7
JW__T4B0703,HD643/GB829,Transpiration,4,NaN,7/3/21 0:00,-4.1,-43
JW__T5B0703,HD643/GB830,Transpiration,5,NaN,7/3/21 0:00,-4.53,-47.4
JW__T6B0703,HD643/GB831,Transpiration,6,NaN,7/3/21 0:00,-6.31,-54.5
JW__T1B0704,HD643/GB832,Transpiration,1,NaN,7/4/21 0:00,-7.33,-55.3
JW__T2B0704,HD643/GB833,Transpiration,2,NaN,7/4/21 0:00,-6.53,-48.1
JW__T3B0704,HD643/GB834,Transpiration,3,NaN,7/4/21 0:00,-6.27,-48
JW__T5B0704,HD643/GB835,Transpiration,5,NaN,7/4/21 0:00,-6.69,-50.4
JW__T6B0704,HD643/GB836,Transpiration,6,NaN,7/4/21 0:00,-8.08,-57.9
JW__T1B0705,HD643/GB837,Transpiration,1,NaN,7/5/21 0:00,-7.93,-58.2
JW__T2B0705,HD643/GB838,Transpiration,2,NaN,7/5/21 0:00,-8.14,-58
JW__T3B0705,HD643/GB839,Transpiration,3,NaN,7/5/21 0:00,-6.07,-46.4
JW__T4B0705,HD643/GB840,Transpiration,4,NaN,7/5/21 0:00,-7.99,-55.3
JW__T6B0705,HD643/GB841,Transpiration,6,NaN,7/5/21 0:00,-7.61,-58.4
JW__T1B0706,HD643/GB842,Transpiration,1,NaN,7/6/21 0:00,-5.6,-56.4
JW__T2B0706,HD643/GB843,Transpiration,2,NaN,7/6/21 0:00,-6.44,-50.8
JW__T3B0706,HD643/GB844,Transpiration,3,NaN,7/6/21 0:00,-2.33,-52.9
JW__T4B0706,HD643/GB845,Transpiration,4,NaN,7/6/21 0:00,2.38,-56.6
JW__T5B0706,HD643/GB846,Transpiration,5,NaN,7/6/21 0:00,-2.63,-54.2
JW__T6B0706,HD643/GB847,Transpiration,6,NaN,7/6/21 0:00,-2.6,-59.4
JW__T1B0707,HD643/GB848,Transpiration,1,NaN,7/7/21 0:00,11.62,18.2
JW__T6P5,HD643/GB873,Petiole,6,NaN,7/21/21 15:55,-3.49,19
JW__T5P5,HD643/GB874,Petiole,5,NaN,7/21/21 15:50,-0.08,31.8
JW__T4P5,HD643/GB875,Petiole,4,NaN,7/21/21 15:40,-3.15,24.1
JW__T3P5,HD643/GB876,Petiole,3,NaN,7/21/21 15:30,-0.74,28.1
JW__T2P5,HD643/GB877,Petiole,2,NaN,7/21/21 15:20,-2.57,26.3
JW__T1P5,HD643/GB878,Petiole,1,NaN,7/21/21 15:10,-3.5,-5.3
JW__T6L5,HD643/GB879,Leaf,6,NaN,7/21/21 15:55,13.46,50.5
JW__T5L5,HD643/GB880,Leaf,5,NaN,7/21/21 15:50,14.06,58.5
JW__T4L5,HD643/GB881,Leaf,4,NaN,7/21/21 15:40,10.14,44.4
JW__T3L5,HD643/GB882,Leaf,3,NaN,7/21/21 15:30,13.31,55.6
JW__T2L5,HD643/GB883,Leaf,2,NaN,7/21/21 15:20,11.45,38.7
JW__T1L5,HD643/GB884,Leaf,1,NaN,7/21/21 15:10,10.55,21.8
JW__T6P4,HD643/GB885,Petiole,6,NaN,7/18/21 16:15,9.43,19.7
JW__T5P4,HD643/GB886,Petiole,5,NaN,7/18/21 16:10,9.92,11.3
JW__T4P4,HD643/GB887,Petiole,4,NaN,7/18/21 16:05,10.75,19
JW__T3P4,HD643/GB888,Petiole,3,NaN,7/18/21 15:55,18.58,34.6
JW__T2P4,HD643/GB889,Petiole,2,NaN,7/18/21 15:50,9.89,31.5
JW__T1P4,HD643/GB890,Petiole,1,NaN,7/18/21 15:40,-0.18,-14.9
JW__T6L4,HD643/GB891,Leaf,6,NaN,7/18/21 16:15,22.28,53
JW__T5L4,HD643/GB892,Leaf,5,NaN,7/18/21 16:10,16.7,34.3
JW__T4L4,HD643/GB893,Leaf,4,NaN,7/18/21 16:05,19.85,44
JW__T3L4,HD643/GB894,Leaf,3,NaN,7/18/21 15:55,15.61,31.2
JW__T2L4,HD643/GB895,Leaf,2,NaN,7/18/21 15:50,17.64,45.6
JW__T1L4,HD643/GB896,Leaf,1,NaN,7/18/21 15:40,14.1,14.7
JW__T6P3,HD643/GB897,Petiole,6,NaN,7/14/21 15:20,6.54,35.1
JW__T4P3,HD643/GB898,Petiole,4,NaN,7/18/21 16:05,7.87,18.9
JW__T4B0704,HD643/GB899,Transpiration,4,NaN,7/4/21 0:00,-1.63,-26.7
JW__T5B0705,HD643/GB900,Transpiration,5,NaN,7/5/21 0:00,-5.32,-41.5
JW__T10A,LGR22-5_JWB,Trial_Soil_A,11,0,6/9/22 12:00,-10.61712261,217.5297842
JW__T110A,LGR22-5_JWB,Trial_Soil_A,11,10,6/9/22 12:00,-11.64493967,51.32133188
JW__T120A,LGR22-5_JWB,Trial_Soil_A,11,20,6/9/22 12:00,-12.57020021,40.10160272
JW__T130A,LGR22-5_JWB,Trial_Soil_A,11,30,6/9/22 12:00,-10.82128004,-52.83326284
JW__T140A,LGR22-5_JWB,Trial_Soil_A,11,40,6/9/22 12:00,-11.07426949,-83.80614882
JW__T150A,LGR22-5_JWB,Trial_Soil_A,11,50,6/9/22 12:00,-11.81135544,-79.68831277
JW__T160A,LGR22-5_JWB,Trial_Soil_A,11,60,6/9/22 12:00,-11.35413244,-76.29878805
JW__T20A,LGR22-5_JWB,Trial_Soil_A,12,0,6/9/22 12:00,-10.30030444,31.00652269
JW__T210A,LGR22-5_JWB,Trial_Soil_A,12,10,6/9/22 12:00,-9.162688701,-81.33950167
JW__T220A,LGR22-5_JWB,Trial_Soil_A,12,20,6/9/22 12:00,-10.47939812,-37.91492133
JW__T230A,LGR22-5_JWB,Trial_Soil_A,12,30,6/9/22 12:00,-12.16910018,178.040597
JW__T240A,LGR22-5_JWB,Trial_Soil_A,12,40,6/9/22 12:00,-12.03067097,120.4158357
JW__T250A,LGR22-5_JWB,Trial_Soil_A,12,50,6/9/22 12:00,-11.28181502,-17.36756967
JW__T260A,LGR22-5_JWB,Trial_Soil_A,12,60,6/9/22 12:00,-10.31018611,-82.34945765
JW__T10B,LGR22-5_JWB,Trial_Soil_B,11,0,6/9/22 12:00,-7.01761477,156.4048172
JW__T10C,LGR22-5_JWB,Trial_Soil_C,11,0,6/9/22 12:00,-6.465698766,167.1982185
JW__T20B,LGR22-5_JWB,Trial_Soil_B,12,0,6/9/22 12:00,-7.825442668,-60.43061337
JW__T20C,LGR22-5_JWB,Trial_Soil_C,12,0,6/9/22 12:00,-10.5955915,-63.46751331
JW__S210B,LGR21-6_JW,Trial_Soil_B,12,10,6/9/22 12:00,-9.752025951,-80.8470935
JW__S220B,LGR21-6_JW,Trial_Soil_B,12,20,6/9/22 12:00,-11.04428286,-24.45814161
JW__S230B,LGR21-6_JW,Trial_Soil_B,12,30,6/9/22 12:00,-13.42920898,114.8444549
JW__S240B,LGR21-6_JW,Trial_Soil_B,12,40,6/9/22 12:00,-11.3498009,-58.09143114
JW__S250B,LGR21-6_JW,Trial_Soil_B,12,50,6/9/22 12:00,-11.77486002,-43.04405808
JW__S260B,LGR21-6_JW,Trial_Soil_B,12,60,6/9/22 12:00,-11.61022465,-75.28872431
JW__S110B,LGR21-6_JW,Trial_Soil_B,11,10,6/9/22 12:00,-12.85044969,61.58239658
JW__S120B,LGR21-6_JW,Trial_Soil_B,11,20,6/9/22 12:00,-11.71802159,-33.75403129
JW__S130B,LGR21-6_JW,Trial_Soil_B,11,30,6/9/22 12:00,-13.04149762,-76.34139639
JW__S140B,LGR21-6_JW,Trial_Soil_B,11,40,6/9/22 12:00,-12.52998313,-82.49233584
JW__S150B,LGR21-6_JW,Trial_Soil_B,11,50,6/9/22 12:00,-12.7834693,-81.60126802
JW__S160B,LGR21-6_JW,Trial_Soil_B,11,60,6/9/22 12:00,-11.33017802,-83.14246722
JW__S210C,LGR21-6_JW,Trial_Soil_C,12,10,6/9/22 12:00,-17.38681956,-74.4643268
JW__S220C,LGR21-6_JW,Trial_Soil_C,12,20,6/9/22 12:00,-21.64142411,-32.49542149
JW__S230C,LGR21-6_JW,Trial_Soil_C,12,30,6/9/22 12:00,-14.32761019,38.38499548
JW__S240C,LGR21-6_JW,Trial_Soil_C,12,40,6/9/22 12:00,-16.58419104,-67.03767388
JW__S250C,LGR21-6_JW,Trial_Soil_C,12,50,6/9/22 12:00,-15.26444822,-68.91973417
JW__S260C,LGR21-6_JW,Trial_Soil_C,12,60,6/9/22 12:00,-13.43826189,-82.05994877
JW__S110C,LGR21-6_JW,Trial_Soil_C,11,10,6/9/22 12:00,-13.21812586,109.8878291
JW__S120C,LGR21-6_JW,Trial_Soil_C,11,20,6/9/22 12:00,-14.35108279,-24.27920812
JW__S130C,LGR21-6_JW,Trial_Soil_C,11,30,6/9/22 12:00,-14.35988698,-72.34307448
JW__S140C,LGR21-6_JW,Trial_Soil_C,11,40,6/9/22 12:00,-14.68088237,-79.19521385
JW__S150C,LGR21-6_JW,Trial_Soil_C,11,50,6/9/22 12:00,-10.89136025,-84.08334417
JW__S160C,LGR21-6_JW,Trial_Soil_C,11,60,6/9/22 12:00,-13.46706988,-81.80365306
JW__103,LGR21-6_JW,Trial_Transpiration,11,NaN,6/3/21 0:00,-5.476391318,-56.92915942
JW__203,LGR21-6_JW,Trial_Transpiration,12,NaN,6/3/21 0:00,-6.785992182,-58.83719007
JW__104,LGR21-6_JW,Trial_Transpiration,11,NaN,6/4/21 0:00,-5.431561449,-47.7145888
JW__204,LGR21-6_JW,Trial_Transpiration,12,NaN,6/4/21 0:00,-6.210437268,-55.16080033
JW__105,LGR21-6_JW,Trial_Transpiration,11,NaN,6/5/21 0:00,-2.13647428,-45.17440264
JW__205,LGR21-6_JW,Trial_Transpiration,12,NaN,6/5/21 0:00,-3.921299531,-52.96796783
JW__107,LGR21-6_JW,Trial_Transpiration,11,NaN,6/7/21 0:00,-3.923166134,-54.23647818
JW__207,LGR21-6_JW,Trial_Transpiration,12,NaN,6/7/21 0:00,-3.189649016,-53.08649805
JW__108,LGR21-6_JW,Trial_Transpiration,11,NaN,6/8/21 0:00,-3.687552753,-50.1153459
JW__208,LGR21-6_JW,Trial_Transpiration,12,NaN,6/8/21 0:00,-6.46445227,-57.31808523
JW__109,LGR21-6_JW,Trial_Transpiration,11,NaN,6/9/21 0:00,-4.492576714,17.18844432
JW__209,LGR21-6_JW,Trial_Transpiration,12,NaN,6/9/21 0:00,-5.143107261,-47.58086096
JW__110,LGR21-6_JW,Trial_Transpiration,11,NaN,6/10/21 0:00,-5.037441339,54.32116004
JW__210,LGR21-6_JW,Trial_Transpiration,12,NaN,6/10/21 0:00,-5.864880235,52.50402568
JW__111,LGR21-6_JW,Trial_Transpiration,11,NaN,6/11/21 0:00,-3.579211288,41.73439847
JW__211,LGR21-6_JW,Trial_Transpiration,12,NaN,6/11/21 0:00,-7.55631254,79.72334496
JW__112,LGR21-6_JW,Trial_Transpiration,11,NaN,6/12/21 0:00,-6.555698504,-4.637356334
JW__212,LGR21-6_JW,Trial_Transpiration,12,NaN,6/12/21 0:00,-7.327901157,69.8253078
JW__113,LGR21-6_JW,Trial_Transpiration,11,NaN,6/13/21 0:00,-4.922426708,-12.48048816
JW__213,LGR21-6_JW,Trial_Transpiration,12,NaN,6/13/21 0:00,-6.877222725,56.39371792
JW__114,LGR21-6_JW,Trial_Transpiration,11,NaN,6/14/21 0:00,-5.952922093,-22.587871
JW__214,LGR21-6_JW,Trial_Transpiration,12,NaN,6/14/21 0:00,-7.075208236,27.93177783
JW__115,LGR21-6_JW,Trial_Transpiration,11,NaN,6/15/21 0:00,-1.416007696,-14.35043546
JW__215,LGR21-6_JW,Trial_Transpiration,12,NaN,6/15/21 0:00,-6.30886981,16.74662474
JW__116,LGR21-6_JW,Trial_Transpiration,11,NaN,6/16/21 0:00,-1.308739587,-19.99740766
JW__216,LGR21-6_JW,Trial_Transpiration,12,NaN,6/16/21 0:00,-4.616364148,13.74863003
JW__118,LGR21-6_JW,Trial_Transpiration,11,NaN,6/18/21 0:00,1.013219459,-20.72869645
JW__218,LGR21-6_JW,Trial_Transpiration,12,NaN,6/18/21 0:00,-3.747828591,4.906470829
JW__119,LGR21-6_JW,Trial_Transpiration,11,NaN,6/19/21 0:00,-0.010338344,-19.01631575
JW__219,LGR21-6_JW,Trial_Transpiration,12,NaN,6/19/21 0:00,-5.621240224,-5.267461071
JW__121,LGR21-6_JW,Trial_Transpiration,11,NaN,6/21/21 0:00,-3.080482921,-24.99116385
JW__221,LGR21-6_JW,Trial_Transpiration,12,NaN,6/21/21 0:00,-5.531316071,-10.41125741
JW__122,LGR21-6_JW,Trial_Transpiration,11,NaN,6/22/21 0:00,-3.934069958,-31.41075449
JW__222,LGR21-6_JW,Trial_Transpiration,12,NaN,6/22/21 0:00,-7.907702419,-15.88617593
JW__123,LGR21-6_JW,Trial_Transpiration,11,NaN,6/23/21 0:00,-2.123625398,-24.8159447
JW__223,LGR21-6_JW,Trial_Transpiration,12,NaN,6/23/21 0:00,-5.330655017,-5.736672081
JW__T3601,HD650/GB818,Soil_Repeat,3,60,7/8/21 7:45,1.761065538,-4.2
JW__T1603,HD650/GB819,Soil_Repeat,1,60,7/14/21 6:30,-6.238156642,-85.6
JW__T2102,HD650/GB820,Soil_Repeat,2,10,7/11/21 7:00,21.61591539,-86.7
JW__T5V1,HD650/GB821,Plant_Repeat,5,NaN,7/8/21 16:10,6.039078638,57.7
JW__T3V3,HD650/GB822,Plant_Repeat,3,NaN,7/14/21 14:55,16.22455031,41.6
JW__T2501,HD650/GB823,Soil_Repeat,2,50,7/8/21 7:15,-0.520895613,-27.8
JW__T4003,HD650/GB824,Soil_Repeat,4,0,7/14/21 8:15,40.53977764,-34.5
JW__T4303,HD650/GB825,Soil_Repeat,4,30,7/14/21 8:15,3.113699499,155.8
JW__T2003,HD650/GB826,Soil_Repeat,2,0,7/14/21 7:00,59.26919503,-55.0
JW__T5104,HD650/GB827,Soil_Repeat,5,10,7/18/21 8:45,5.513197356,50.5
JW__T3202,HD650/GB828,Soil_Repeat,3,20,7/11/21 7:40,15.29203763,-3.3
JW__T6301,HD650/GB829,Soil_Repeat,6,30,7/8/21 9:30,-9.56272483,204.3
JW__T4104,HD650/GB830,Soil_Repeat,4,10,7/18/21 8:00,5.625975205,-33.8
JW__T2004,HD650/GB831,Soil_Repeat,2,0,7/18/21 7:00,-6.239285846,159.7
JW__T5204,HD650/GB832,Soil_Repeat,5,20,7/18/21 8:45,-5.289576711,18.4
JW__T4403,HD650/GB833,Soil_Repeat,4,40,7/14/21 8:15,0.437544552,127.5
JW__T5103,HD650/GB834,Soil_Repeat,5,10,7/14/21 8:45,38.69294767,-80.7
JW__T1001,HD650/GB835,Soil_Repeat,1,0,7/8/21 6:45,63.88344216,-66.1
JW__T6101,HD650/GB836,Soil_Repeat,6,10,7/8/21 9:30,73.90269362,-88.7
JW__T3401,HD650/GB837,Soil_Repeat,3,40,7/8/21 7:45,-3.015076991,212.3
JW__T1105,HD650/GB838,Soil_Repeat,1,10,7/21/21 7:00,-6.903543965,27.2
JW__T1V3,HD650/GB839,Plant_Repeat,1,NaN,7/14/21 14:30,-1.926643438,-41.7
JW__T2V4,HD650/GB840,Plant_Repeat,2,NaN,7/18/21 15:50,11.62113878,34.4
JW__T4V5,HD650/GB841,Plant_Repeat,4,NaN,7/21/21 15:40,-4.094755369,24.0